Workbook

Sheet Leeme
A2: Backtest - Modelo de factores macro Oil & Gas vs Merval
A4: ORDEN DE LAS HOJAS
A5: Base Datos crudos. Columnas A:T copiadas de tu archivo; columna U (Brent) descargada de FRED. Todo en AZUL = entrada.
A6: Transf Los 8 factores "Exc." Replica tus formulas, con el signo de inventarios corregido.
A7: Senal Normalizacion z expansiva, winsorizacion Tukey point-in-time, mediana, umbral y senal.
A8: Backtest Beta a Brent, retorno cubierto, escalera de 12 tramos, P&L, drawdown y retornos forward.
A9: Resumen Metricas, IC y la lectura de hoy. Los parametros editables estan en AMARILLO.
A11: CODIGO DE COLORES
A12: AZUL dato de entrada (hardcodeado)
A13: NEGRO formula
A14: VERDE referencia a otra hoja
A15: AMARILLO parametro que podes cambiar
... A41: 5. Se saco la brecha cambiaria (no es una variable continua: 24% de los meses en cero y solo dos episodios de cepo en la muestra).

Sheet Base
A1: Fecha | B1: Exp nivel | C1: Exp yoy % | D1: Impo | E1: PBI nominal | F1: (Exp+Imp)/PBI | G1: EMAE yoy % | H1: EMAE Transp yoy % | I1: IPC Transp yoy % | J1: Prod. petroleo Arg | K1: Prod. petroleo yoy % | L1: ITCRM | M1: ITCRM yoy % | N1: Invent. crudo EEUU | O1: Invent. crudo yoy % | P1: Crack spread yoy % | Q1: PBI yoy % | R1: PBI prom 5A | S1: REM 12M | T1: Ratio O&G/Merval | U1: Brent (USD/bbl)
A2: 38017 | B2: 2322 | D2: 1609 | G2: 10.2 | I2: -0.40792348 | J2: 701.755 | L2: 159.536 | N2: 255245 | P2: 3.7609948
A3: 38046 | B3: 2395 | D3: 1364 | G3: 10.2 | I3: -0.92311906 | J3: 706.096 | L3: 159.629 | N3: 259092 | P3: -8.5377611
A4: 38077 | B4: 2658 | D4: 1690 | E4: 151.11 | G4: 13.2 | I4: -0.90675726 | J4: 683.964 | L4: 155.118 | N4: 277539 | P4: 30.716359
A5: 38107 | B5: 3040 | D5: 1651 | E5: 151.11 | G5: 6.8 | I5: -0.031656771 | J5: 679.854 | L5: 151.165 | N5: 282748 | P5: 72.362556
A6: 38138 | B6: 3394 | D6: 1792 | E6: 151.11 | G6: 5.9 | I6: 1.0678588 | J6: 712.11 | L6: 155.047 | N6: 285384 | P6: 112.77349
A7: 38168 | B7: 2951 | D7: 2039 | E7: 175.44 | G7: 8.8 | I7: 1.9446521 | J7: 707.394 | L7: 154.076 | N7: 288862 | P7: 89.060415
A8: 38199 | B8: 3034 | D8: 1970 | E8: 175.44 | G8: 7.3 | I8: 1.9590982 | J8: 696.371 | L8: 156.135 | N8: 282564 | P8: 65.281307
A9: 38230 | B9: 2945 | D9: 2032 | E9: 175.44 | G9: 10.1 | I9: 2.3238328 | J9: 688.71 | L9: 159.947 | N9: 271284 | P9: -8.4836339
A10: 38260 | B10: 3002 | D10: 2025 | E10: 163.49 | G10: 8.9 | I10: 2.9918852 | J10: 706.017 | L10: 160.499 | N10: 257031 | P10: 60.26796
A11: 38291 | B11: 2831 | D11: 1973 | E11: 163.49 | G11: 7.3 | I11: 2.7729906 | J11: 698.292 | L11: 161.079 | N11: 273529 | P11: 35.999083
A12: 38321 | B12: 3042 | D12: 2193 | E12: 163.49 | G12: 10.9 | I12: 2.4934673 | J12: 675.486 | L12: 165.003 | N12: 276981 | P12: 40.917702
A13: 38352 | B13: 2962 | D13: 2109 | E13: 169.79 | F13: 0.33584428 | G13: 9.6 | I13: 3.2049911 | J13: 682.534 | L13: 169.353 | N13: 275442 | P13: -9.3349984
A14: 38383 | B14: 2781 | C14: 19.767442 | D14: 1901 | E14: 169.79 | F14: 0.34026739 | G14: 6.3 | H14: 12.3 | I14: 4.4088634 | J14: 678.684 | K14: -3.2876146 | L14: 163.055 | M14: 2.2057717 | N14: 279566 | O14: 9.5284922 | P14: 22.858813
A15: 38411 | B15: 2606 | C15: 8.8100209 | D15: 1867 | E15: 169.79 | F15: 0.34447258 | G15: 6.6 | H15: 12.4 | I15: 5.391405 | J15: 678.364 | K15: -3.9275113 | L15: 164.581 | M15: 3.1021932 | N15: 283301 | O15: 9.3437852 | P15: -4.6732256
A16: 38442 | B16: 3054 | C16: 14.89842 | D16: 2198 | E16: 174.34 | F16: 0.34066766 | G16: 8.6 | H16: 14.4 | I16: 6.4800433 | J16: 676.981 | K16: -1.0209602 | L16: 158.604 | M16: 2.2473214 | N16: 298349 | O16: 7.4980453 | P16: 61.159149 | Q16: 7.2
A17: 38472 | B17: 3561 | C17: 17.138158 | D17: 2380 | E17: 174.34 | F17: 0.34783756 | G17: 13.6 | H17: 15.6 | I17: 6.0567796 | J17: 677.515 | K17: -0.34404446 | L17: 161.298 | M17: 6.7032713 | N17: 311127 | O17: 10.036853 | P17: 16.216475 | Q17: 7.2
A18: 38503 | B18: 3695 | C18: 8.8685916 | D18: 2476 | E18: 174.34 | F18: 0.35348744 | G18: 15.3 | H18: 17.8 | I18: 6.059606 | J18: 682.57 | K18: -4.1482355 | L18: 160.255 | M18: 3.3589815 | N18: 317706 | O18: 11.325793 | P18: -7.9522084 | Q18: 7.2
A19: 38533 | B19: 3450 | C19: 16.909522 | D19: 2724 | E19: 209.55 | F19: 0.2997423 | G19: 10.3 | H19: 16.5 | I19: 6.3155492 | J19: 671.959 | K19: -5.0092311 | L19: 159.909 | M19: 3.785794 | N19: 312453 | O19: 8.1668755 | P19: 3.3064516 | Q19: 13.1
A20: 38564 | B20: 3601 | C20: 18.6882 | D20: 2349 | E20: 209.55 | F20: 0.30425674 | G20: 6.4 | H20: 16.6 | I20: 6.9467413 | J20: 671.923 | K20: -3.5107723 | L20: 157.442 | M20: 0.8370961 | N20: 302036 | O20: 6.8911822 | P20: 23.289777 | Q20: 13.1
A21: 38595 | B21: 3837 | C21: 30.288625 | D21: 2626 | E21: 209.55 | F21: 0.31134813 | G21: 7.6 | H21: 16.3 | I21: 7.0561613 | J21: 666.511 | K21: -3.2232725 | L21: 161.454 | M21: 0.9421871 | N21: 305363 | O21: 12.562112 | P21: 324.79927 | Q21: 13.1
A22: 38625 | B22: 3483 | C22: 16.022652 | D22: 2468 | E22: 204.28 | F22: 0.32390347 | G22: 6.9 | H22: 15.9 | I22: 7.6813306 | J22: 645.615 | K22: -8.5553181 | L22: 162.7 | M22: 1.3713481 | N22: 289398 | O22: 12.592644 | P22: 221.20208 | Q22: 7
A23: 38656 | B23: 3399 | C23: 20.063582 | D23: 2503 | E23: 204.28 | F23: 0.32927844 | G23: 6.8 | H23: 14.7 | I23: 8.132387 | J23: 623.582 | K23: -10.698963 | L23: 166.021 | M23: 3.0680598 | N23: 303027 | O23: 10.784231 | P23: 73.496209 | Q23: 7
A24: 38686 | B24: 3274 | C24: 7.6265615 | D24: 2701 | E24: 204.28 | F24: 0.33290092 | G24: 7.9 | H24: 12.4 | I24: 9.5727506 | J24: 650.316 | K24: -3.726206 | L24: 163.367 | M24: -0.99149712 | N24: 301443 | O24: 8.8316527 | P24: 23.300971 | Q24: 7
A25: 38717 | B25: 3645 | C25: 23.058744 | D25: 2495 | E25: 209.23 | F25: 0.3301343 | G25: 8.7 | H25: 14 | I25: 9.8985781 | J25: 653.195 | K25: -4.2985404 | L25: 162.511 | M25: -4.040082 | N25: 305527 | O25: 10.922445 | P25: 108.4022 | Q25: 7.8
A26: 38748 | B26: 3188 | C26: 14.635023 | D26: 2324 | E26: 209.23 | F26: 0.33410123 | G26: 8.2 | H26: 12.4 | I26: 9.6562073 | J26: 648.863 | K26: -4.3939448 | L26: 167.111 | M26: 2.4875042 | N26: 304935 | O26: 9.0744225 | P26: 1.034975 | Q26: 7.8
A27: 38776 | B27: 3090 | C27: 18.572525 | D27: 2326 | E27: 209.23 | F27: 0.33860823 | G27: 8.3 | H27: 13.9 | I27: 8.9925922 | J27: 629.005 | K27: -7.2761821 | L27: 169.294 | M27: 2.8636355 | N27: 312135 | O27: 10.177867 | P27: -11.008723 | Q27: 7.8
... A38: 39113 | B38: 3390 | C38: 6.336261 | D38: 2951 | E38: 247.8 | F38: 0.32900323 | G38: 7.7 | H38: 13.3 | I38: 5.1336095 | J38: 652.861 | K38: 0.61615472 | L38: 163.081 | M38: -2.4115708 | N38: 307711 | O38: 0.91035795 | P38: 4.7921818 | Q38: 9.7
A39: 39141 | B39: 3587 | C39: 16.084142 | D39: 2791 | E39: 247.8 | F39: 0.33288539 | G39: 8.3 | H39: 12.6 | I39: 5.6748822 | J39: 654.151 | K39: 3.9977425 | L39: 163.327 | M39: -3.5246376 | N39: 311719 | O39: -0.13327567 | P39: 114.96617 | Q39: 9.7 | R39: 8.45
A40: 39172 | B40: 4173 | C40: 14.391447 | D40: 3422 | E40: 250.14 | F40: 0.33466859 | G40: 9 | H40: 13.3 | I40: 5.9315225 | J40: 658.454 | K40: -0.18206487 | L40: 164.445 | M40: -1.4053685 | N40: 315387 | O40: -3.3865128 | P40: 47.589425 | Q40: 8.4 | R40: 8.448
A41: 39202 | B41: 4299 | C41: 9.5286624 | D41: 3061 | E41: 250.14 | F41: 0.33822659 | G41: 9.3 | H41: 13.5 | I41: 7.9107545 | J41: 666.882 | K41: 1.090209 | L41: 162.919 | M41: -3.2196936 | N41: 318468 | O41: -3.5789869 | P41: 62.724693 | Q41: 8.4 | R41: 8.4461538
A42: 39233 | B42: 4856 | C42: 16.144463 | D42: 3542 | E42: 250.14 | F42: 0.34378748 | G42: 10.7 | H42: 14.4 | I42: 9.9768223 | J42: 663.095 | K42: -0.9531335 | L42: 162.155 | M42: -1.1707989 | N42: 325014 | O42: -1.2568699 | P42: 56.897677 | Q42: 8.4 | R42: 8.4444444
A43: 39263 | B43: 4521 | C43: 17.489605 | D43: 3579 | E43: 293.29 | F43: 0.29795765 | G43: 9.5 | H43: 14.3 | I43: 12.546611 | J43: 655.071 | K43: -2.9728561 | L43: 159.444 | M43: -4.5308393 | N43: 336924 | O43: 3.6405415 | P43: 24.793637 | Q43: 9.9 | R43: 8.4964286
A44: 39294 | B44: 4614 | C44: 20.880272 | D44: 4126 | E44: 293.29 | F44: 0.30501892 | G44: 8.8 | H44: 13.6 | I44: 15.313295 | J44: 632.482 | K44: -5.8949386 | L44: 159.679 | M44: -3.5382032 | N44: 327287 | O44: 3.061096 | P44: -34.732515 | Q44: 9.9 | R44: 8.5448276
A45: 39325 | B45: 4922 | C45: 15.920867 | D45: 4606 | E45: 293.29 | F45: 0.31184152 | G45: 8.8 | H45: 12.1 | I45: 19.249919 | J45: 655.962 | K45: -1.4700736 | L45: 154.497 | M45: -7.6797591 | N45: 312591 | O45: -1.2696969 | P45: 24.031992 | Q45: 9.9 | R45: 8.59
A46: 39355 | B46: 4828 | C46: 19.268775 | D46: 3963 | E46: 291.46 | F46: 0.31919989 | G46: 7.6 | H46: 10.5 | I46: 21.298396 | J46: 663.274 | K46: -2.4152187 | L46: 157.525 | M46: -4.6372249 | N46: 304684 | O46: -2.3451848 | P46: 29.156954 | Q46: 8.4 | R46: 8.583871
A47: 39386 | B47: 5581 | C47: 32.75452 | D47: 4400 | E47: 291.46 | F47: 0.32785288 | G47: 10.2 | H47: 12.7 | I47: 22.52987 | J47: 658.56 | K47: -2.8189528 | L47: 159.438 | M47: -3.136676 | N47: 295477 | O47: -7.040902 | P47: 38.145232 | Q47: 8.4 | R47: 8.578125
A48: 39416 | B48: 5424 | C48: 31.970803 | D48: 4384 | E48: 291.46 | F48: 0.33629658 | G48: 9.8 | H48: 11 | I48: 20.624128 | J48: 622.965 | K48: -0.69628092 | L48: 159.413 | M48: -2.4406215 | N48: 287895 | O48: -11.268947 | P48: -5.596543 | Q48: 8.4 | R48: 8.5727273
A49: 39447 | B49: 5787 | C49: 36.453667 | D49: 3881 | E49: 316.38 | F49: 0.31825021 | G49: 7.8 | H49: 11 | I49: 19.783908 | J49: 654.397 | K49: -1.1592395 | L49: 159.57 | M49: -1.9798149 | N49: 271865 | O49: -10.340381 | P49: 49.07293 | Q49: 9.3 | R49: 8.5941176
A50: 39478 | B50: 5818 | C50: 71.622419 | D50: 4479 | E50: 316.38 | F50: 0.33075416 | G50: 10 | H50: 11.4 | I50: 20.956813 | J50: 665.363 | K50: 1.9149559 | L50: 159.852 | M50: -1.9799977 | N50: 275472 | O50: -10.477039 | P50: 8.5280899 | Q50: 9.3 | R50: 8.6142857
... A73: 40178 | B73: 4794 | C73: 13.306547 | D73: 3602 | E73: 356.1 | F73: 0.26525695 | G73: 2.3 | H73: 4.2 | I73: 16.507906 | J73: 616.566 | K73: -6.5470678 | L73: 143.615 | M73: 8.3461585 | N73: 307969 | O73: 2.2670368 | P73: 45.352113 | Q73: 0.3 | R73: 5.012069
A74: 40209 | B74: 4408 | C74: 18.654105 | D74: 3209 | E74: 356.1 | F74: 0.26846391 | G74: 4.1 | H74: 6.3 | I74: 17.841403 | J74: 625.542 | K74: -2.2179635 | L74: 137.363 | M74: 5.3421474 | N74: 308283 | O74: -5.9734405 | P74: -46.357759 | Q74: 0.3 | R74: 4.9322034 | T74: 0.88197381 | U74: 76.17
A75: 40237 | B75: 3959 | C75: 0.35487959 | D75: 3455 | E75: 356.1 | F75: 0.27072732 | G75: 4.3 | H75: 5.5 | I75: 23.47793 | J75: 626.65 | K75: -4.0856028 | L75: 134.975 | M75: 2.3685648 | N75: 320730 | O75: -3.4844076 | P75: -11.563732 | Q75: 0.3 | R75: 4.855 | T75: 0.88507782 | U75: 73.75
A76: 40268 | B76: 4687 | C76: 9.9202627 | D76: 4403 | E76: 369.47 | F76: 0.26617587 | G76: 8.5 | H76: 7.6 | I76: 23.845025 | J76: 627.027 | K76: -3.5193161 | L76: 132.964 | M76: -3.4316467 | N76: 333386 | O76: -2.2076078 | P76: 22.192312 | Q76: 5.7 | R76: 4.83 | T76: 0.82452387 | U76: 78.83
A77: 40298 | B77: 6208 | C77: 22.882027 | D77: 4101 | E77: 369.47 | F77: 0.27288819 | G77: 13.9 | H77: 9.6 | I77: 23.243368 | J77: 626.594 | K77: -3.1835698 | L77: 132.848 | M77: -3.8469055 | N77: 339942 | O77: -4.4862591 | P77: 55.74207 | Q77: 5.7 | R77: 4.805 | T77: 0.9065987 | U77: 84.82
A78: 40329 | B78: 6503 | C78: 24.985585 | D78: 4575 | E78: 369.47 | F78: 0.28158984 | G78: 18.8 | H78: 13.5 | I78: 24.197056 | J78: 625.2 | K78: -2.8515223 | L78: 127.344 | M78: -13.302424 | N78: 342581 | O78: -1.4387972 | P78: 5.7881894 | Q78: 5.7 | R78: 4.78 | T78: 0.83891291 | U78: 75.95
A79: 40359 | B79: 6369 | C79: 22.222222 | D79: 5151 | E79: 432.2 | F79: 0.24694354 | G79: 15.9 | H79: 11.1 | I79: 24.947025 | J79: 627.703 | K79: -0.07593365 | L79: 126.58 | M79: -14.927078 | N79: 342606 | O79: 3.2617607 | P79: 25.327615 | Q79: 16.2 | R79: 4.8316667 | T79: 0.85404288 | U79: 74.76
A80: 40390 | B80: 5984 | C80: 21.502538 | D80: 5291 | E80: 432.2 | F80: 0.25333179 | G80: 9.5 | H80: 10.4 | I80: 25.56816 | J80: 624.752 | K80: -0.60630358 | L80: 128.581 | M80: -15.411132 | N80: 337388 | O80: 1.838839 | P80: -22.670807 | Q80: 16.2 | R80: 4.8833333 | T80: 0.83530665 | U80: 75.58
A81: 40421 | B81: 6383 | C81: 46.668199 | D81: 5355 | E81: 432.2 | F81: 0.26288987 | G81: 10.7 | H81: 10.8 | I81: 24.50106 | J81: 625.585 | K81: 12.554965 | L81: 127.302 | M81: -15.23767 | N81: 341105 | O81: 4.8421551 | P81: 32.14049 | Q81: 16.2 | R81: 4.935 | T81: 0.85400202 | U81: 77.04
A82: 40451 | B82: 6375 | C82: 40.697418 | D82: 5337 | E82: 434.56 | F82: 0.26955081 | G82: 8.3 | H82: 9.2 | I82: 24.563675 | J82: 615.741 | K82: -2.1581922 | L82: 130.347 | M82: -14.081471 | N82: 337343 | O82: 5.2660648 | P82: 115.01957 | Q82: 9.5 | R82: 4.9766667 | T82: 0.76531225 | U82: 77.84
A83: 40482 | B83: 5899 | C83: 22.691348 | D83: 4951 | E83: 434.56 | F83: 0.27504142 | G83: 6.3 | H83: 7.7 | I83: 26.701947 | J83: 608.529 | K83: -4.7655639 | L83: 127.506 | M83: -14.860344 | N83: 347394 | O83: 9.3049232 | P83: 27.310995 | Q83: 9.5 | R83: 5.0183333 | T83: 0.6744494 | U83: 82.67
A84: 40512 | B84: 5915 | C84: 21.408046 | D84: 5576 | E84: 434.56 | F84: 0.28187132 | G84: 9.8 | H84: 8 | I84: 27.721263 | J84: 608.272 | K84: -1.4329582 | L84: 124.236 | M84: -16.946218 | N84: 338658 | O84: 5.2281936 | P84: 25.269026 | Q84: 9.5 | R84: 5.06 | T84: 0.68453884 | U84: 85.28
A85: 40543 | B85: 5484 | C85: 14.392991 | D85: 5389 | E85: 461.07 | F85: 0.27103694 | G85: 9.7 | H85: 6.5 | I85: 25.70633 | J85: 520.601 | K85: -15.564433 | L85: 125.461 | M85: -12.640741 | N85: 313918 | O85: 1.9316879 | P85: 58.423773 | Q85: 8.6 | R85: 5.0733333 | T85: 0.7706617 | U85: 91.45
... A150: 42521 | B150: 5383 | C150: 3.3999232 | D150: 4874 | E150: 486.18 | F150: 0.23812991 | G150: -3.2 | H150: 3.1 | I150: 42.22434 | J150: 499.134 | K150: -6.9411817 | L150: 88.075 | M150: 5.9179354 | N150: 504205 | O150: 13.441134 | P150: -31.174498 | Q150: 0.7 | R150: 1.175 | T150: 0.4138048 | U150: 46.74
A151: 42551 | B151: 5305 | C151: -12.256037 | D151: 5046 | E151: 592.1 | F151: 0.19316332 | G151: -5.7 | H151: 1.2 | I151: 45.200886 | J151: 500.539 | K151: -6.1997069 | L151: 95.262 | M151: 13.343724 | N151: 495941 | O151: 14.477071 | P151: -40.726858 | Q151: -3.9 | R151: 1.0366667 | S151: 21.5 | T151: 0.38058612 | U151: 48.25
A152: 42582 | B152: 5002 | C152: -10.181361 | D152: 4718 | E152: 592.1 | F152: 0.19037663 | G152: -5.3 | H152: 1 | I152: 44.808185 | J152: 511.638 | K152: -3.8601528 | L152: 93.549 | M152: 16.408048 | N152: 491914 | O152: 16.229627 | P152: -45.197559 | Q152: -3.9 | R152: 0.89833333 | S152: 21.7 | T152: 0.33574842 | U152: 44.95
A153: 42613 | B153: 5764 | C153: 12.227414 | D153: 5174 | E153: 592.1 | F153: 0.19070934 | G153: -1.9 | H153: 2.9 | I153: 42.191651 | J153: 509.502 | K153: -3.7265884 | L153: 92.911 | M153: 18.717896 | N153: 495238 | O153: 16.89598 | P153: -24.089923 | Q153: -3.9 | R153: 0.76 | S153: 21.9 | T153: 0.31013165 | U153: 45.84
A154: 42643 | B154: 5050 | C154: -2.1697017 | D154: 4741 | E154: 570.56 | F154: 0.19640529 | G154: -2.7 | H154: 1.7 | I154: 40.260752 | J154: 512.865 | K154: -3.0997353 | L154: 94.287 | M154: 25.296674 | N154: 469108 | O154: 10.122351 | P154: -2.9793892 | Q154: -3.3 | R154: 0.59833333 | S154: 21.1 | T154: 0.32755547 | U154: 46.57
A155: 42674 | B155: 4737 | C155: -5.8811842 | D155: 4783 | E155: 570.56 | F155: 0.19540451 | G155: -4 | H155: 2.1 | I155: 41.715612 | J155: 510.614 | K155: -4.4901135 | L155: 90.841 | M155: 19.805075 | N155: 482578 | O155: 7.0395106 | P155: 6.8357729 | Q155: -3.3 | R155: 0.43666667 | S155: 19.43 | T155: 0.3084357 | U155: 49.52
A156: 42704 | B156: 4837 | C156: 20.955239 | D156: 4723 | E156: 570.56 | F156: 0.19691356 | G156: -0.8 | H156: 4.8 | I156: 39.857852 | J156: 501.973 | K156: -5.6732511 | L156: 90.473 | M156: 22.178258 | N156: 488145 | O156: 6.7655705 | P156: 1.6975975 | Q156: -3.3 | R156: 0.275 | S156: 20 | T156: 0.31718874 | U156: 44.73
A157: 42735 | B157: 4649 | C157: 35.578886 | D157: 4595 | E157: 580.29 | F157: 0.19604336 | G157: 0.5 | H157: 5.3 | I157: 32.372994 | J157: 494.637 | K157: -7.0610296 | L157: 90.712 | M157: -4.3778 | N157: 479012 | O157: 5.2528422 | P157: 20.84296 | Q157: -1.5 | R157: 0.16333333 | S157: 19.6 | T157: 0.33095571 | U157: 53.31
A158: 42766 | B158: 4291 | C158: 10.564288 | D158: 4344 | E158: 580.29 | F158: 0.19713074 | G158: 1.5 | H158: 3.5 | I158: 28.789332 | J158: 497.315 | K158: -5.2020091 | L158: 91.316 | M158: -5.9606195 | N158: 494762 | O158: 4.9683458 | P158: 1.8049446 | Q158: -1.5 | R158: 0.051666667 | S158: 19.65 | T158: 0.37857151 | U158: 54.58
A159: 42794 | B159: 3899 | C159: -5.843999 | D159: 4117 | E159: 580.29 | F159: 0.1967499 | G159: -1.2 | H159: 0.9 | I159: 27.911984 | J159: 485.703 | K159: -6.2845136 | L159: 87.799 | M159: -18.450164 | N159: 520184 | O159: 6.8800224 | P159: -6.3049458 | Q159: -1.5 | R159: -0.06 | S159: 19.45 | T159: 0.36977812 | U159: 54.87
A160: 42825 | B160: 4565 | C160: 3.2571816 | D160: 5475 | E160: 589.43 | F160: 0.19550243 | G160: 1.3 | H160: 3 | I160: 27.100396 | J160: 485.379 | K160: -6.9522376 | L160: 85.386 | M160: -16.228281 | N160: 535543 | O160: 6.2973387 | P160: 1.9344524 | Q160: 0.6 | R160: -0.076666667 | S160: 18.4 | T160: 0.40569218 | U160: 51.59
A161: 42855 | B161: 4867 | C161: 2.6793249 | D161: 4973 | E161: 589.43 | F161: 0.196651 | G161: -0.7 | H161: 2.4 | I161: 26.114568 | J161: 453.853 | K161: -12.88091 | L161: 83.418 | M161: -12.851158 | N161: 527772 | O161: 3.061346 | P161: -17.868202 | Q161: 0.6 | R161: -0.093333333 | S161: 17.51 | T161: 0.41311222 | U161: 52.31
A162: 42886 | B162: 5493 | C162: 2.0434702 | D162: 6064 | E162: 589.43 | F162: 0.19885652 | G162: 2.4 | H162: 3.7 | I162: 22.487647 | J162: 469.778 | K162: -5.8813866 | L162: 86.212 | M162: -2.1152427 | N162: 509912 | O162: 1.1318809 | P162: 3.5104197 | Q162: 0.6 | R162: -0.11 | S162: 17 | T162: 0.41584763 | U162: 50.33
... A273: 46265 | B273: 8854 | C273: 12.033405 | D273: 6739 | E273: 799.77 | F273: 0.21686985 | G273: 2.7 | H273: 1.5 | I273: 38.2 | J273: 884.995 | K273: 19.25292 | L273: 85.874 | M273: -10.28344 | N273: 424460 | O273: 0.89206978 | P273: 170.66172 | Q273: 2 | R273: 2.705 | S273: 21 | T273: 0.58200247 | U273: 91.08
A275: Columnas A:S copiadas de tu archivo "oilgas factor model" (hoja Sheet1, columnas A:S, filas 4:275).
A276: Columna T (Ratio O&G/Merval) copiada de tu columna AW, que apunta a un libro externo [1]Indice.
A277: Columna U (Brent) descargada de FRED, serie MCOILBRENTEU (promedio mensual, USD/barril). Fuente: https://fred.stlouisfed.org/series/MCOILBRENTEU
A278: AZUL = dato de entrada. Para actualizar el modelo, agrega filas abajo y arrastra las formulas de las demas hojas.

Sheet Transf
A1: Fecha | B1: Exc. Exp | C1: Exc. EMAE | D1: Exc. EMAE Transp | E1: Exc. IPC Transp | F1: Exc. Prod. petroleo | G1: Exc. ITCRM | H1: Exc. Invent. (signo inv.) | I1: Exc. Crack spread
A2: =Base!A2 -> 38017
A3: =Base!A3 -> 38046
A4: =Base!A4 -> 38077
A5: =Base!A5 -> 38107
A6: =Base!A6 -> 38138
A7: =Base!A7 -> 38168
A8: =Base!A8 -> 38199
A9: =Base!A9 -> 38230
A10: =Base!A10 -> 38260
A11: =Base!A11 -> 38291
A12: =Base!A12 -> 38321
A13: =Base!A13 -> 38352
... A38: =Base!A38 -> 39113
A39: =Base!A39 -> 39141 | B39: =IFERROR(AVERAGE(Base!C37:C39)-Base!R39,"") -> 4.4738565 | C39: =IFERROR(AVERAGE(Base!G37:G39)-Base!R39,"") -> -0.38333333 | D39: =IFERROR(AVERAGE(Base!H37:H39)-Base!R39,"") -> 4.35 | E39: -7.6415495 | F39: =IFERROR(AVERAGE(Base!K37:K39),"") -> 1.9909698 | G39: =IFERROR(AVERAGE(Base!M37:M39)*AVERAGE(Base!$F$13:F39),"") -> -0.63539272 | H39: =IFERROR(-AVERAGE(Base!O37:O39),"") -> -0.0072220758 | I39: =IFERROR(AVERAGE(Base!P37:P39),"") -> 26.637341
A40: =Base!A40 -> 39172 | B40: =IFERROR(AVERAGE(Base!C38:C40)-Base!R40,"") -> 3.8226169 | C40: =IFERROR(AVERAGE(Base!G38:G40)-Base!R40,"") -> -0.11466667 | D40: =IFERROR(AVERAGE(Base!H38:H40)-Base!R40,"") -> 4.6186667 | E40: -7.4665241 | F40: =IFERROR(AVERAGE(Base!K38:K40),"") -> 1.4772774 | G40: =IFERROR(AVERAGE(Base!M38:M40)*AVERAGE(Base!$F$13:F40),"") -> -0.80982144 | H40: =IFERROR(-AVERAGE(Base!O38:O40),"") -> 0.86981016 | I40: =IFERROR(AVERAGE(Base!P38:P40),"") -> 55.782594
A41: =Base!A41 -> 39202 | B41: =IFERROR(AVERAGE(Base!C39:C41)-Base!R41,"") -> 4.8885969 | C41: =IFERROR(AVERAGE(Base!G39:G41)-Base!R41,"") -> 0.42051282 | D41: =IFERROR(AVERAGE(Base!H39:H41)-Base!R41,"") -> 4.6871795 | E41: -6.8069323 | F41: =IFERROR(AVERAGE(Base!K39:K41),"") -> 1.6352955 | G41: =IFERROR(AVERAGE(Base!M39:M41)*AVERAGE(Base!$F$13:F41),"") -> -0.89964698 | H41: =IFERROR(-AVERAGE(Base!O39:O41),"") -> 2.3662584 | I41: =IFERROR(AVERAGE(Base!P39:P41),"") -> 75.09343
A42: =Base!A42 -> 39233 | B42: =IFERROR(AVERAGE(Base!C40:C42)-Base!R42,"") -> 4.9104132 | C42: =IFERROR(AVERAGE(Base!G40:G42)-Base!R42,"") -> 1.2222222 | D42: =IFERROR(AVERAGE(Base!H40:H42)-Base!R42,"") -> 5.2888889 | E42: -5.9382206 | F42: =IFERROR(AVERAGE(Base!K40:K42),"") -> -0.014996442 | G42: =IFERROR(AVERAGE(Base!M40:M42)*AVERAGE(Base!$F$13:F42),"") -> -0.64061876 | H42: =IFERROR(-AVERAGE(Base!O40:O42),"") -> 2.7407899 | I42: =IFERROR(AVERAGE(Base!P40:P42),"") -> 55.737265
A43: =Base!A43 -> 39263 | B43: =IFERROR(AVERAGE(Base!C41:C43)-Base!R43,"") -> 5.8911482 | C43: =IFERROR(AVERAGE(Base!G41:G43)-Base!R43,"") -> 1.3369048 | D43: =IFERROR(AVERAGE(Base!H41:H43)-Base!R43,"") -> 5.5702381 | E43: -4.1903499 | F43: =IFERROR(AVERAGE(Base!K41:K43),"") -> -0.94526018 | G43: =IFERROR(AVERAGE(Base!M41:M43)*AVERAGE(Base!$F$13:F43),"") -> -0.98285185 | H43: =IFERROR(-AVERAGE(Base!O41:O43),"") -> 0.39843844 | I43: =IFERROR(AVERAGE(Base!P41:P43),"") -> 48.138669
A44: =Base!A44 -> 39294 | B44: =IFERROR(AVERAGE(Base!C42:C44)-Base!R44,"") -> 9.6266192 | C44: =IFERROR(AVERAGE(Base!G42:G44)-Base!R44,"") -> 1.1218391 | D44: =IFERROR(AVERAGE(Base!H42:H44)-Base!R44,"") -> 5.5551724 | E44: -2.2697628 | F44: =IFERROR(AVERAGE(Base!K42:K44),"") -> -3.2736427 | G44: =IFERROR(AVERAGE(Base!M42:M44)*AVERAGE(Base!$F$13:F44),"") -> -1.0154885 | H44: =IFERROR(-AVERAGE(Base!O42:O44),"") -> -1.8149225 | I44: =IFERROR(AVERAGE(Base!P42:P44),"") -> 15.652933
A45: =Base!A45 -> 39325 | B45: =IFERROR(AVERAGE(Base!C43:C45)-Base!R45,"") -> 9.5069147 | C45: =IFERROR(AVERAGE(Base!G43:G45)-Base!R45,"") -> 0.44333333 | D45: =IFERROR(AVERAGE(Base!H43:H45)-Base!R45,"") -> 4.7433333 | E45: 0.21557915 | F45: =IFERROR(AVERAGE(Base!K43:K45),"") -> -3.4459561 | G45: =IFERROR(AVERAGE(Base!M43:M45)*AVERAGE(Base!$F$13:F45),"") -> -1.7280019 | H45: =IFERROR(-AVERAGE(Base!O43:O45),"") -> -1.8106469 | I45: =IFERROR(AVERAGE(Base!P43:P45),"") -> 4.6977046
A46: =Base!A46 -> 39355 | B46: =IFERROR(AVERAGE(Base!C44:C46)-Base!R46,"") -> 10.1061 | C46: =IFERROR(AVERAGE(Base!G44:G46)-Base!R46,"") -> -0.18387097 | D46: =IFERROR(AVERAGE(Base!H44:H46)-Base!R46,"") -> 3.4827957 | E46: 2.5993052 | F46: =IFERROR(AVERAGE(Base!K44:K46),"") -> -3.2600769 | G46: =IFERROR(AVERAGE(Base!M44:M46)*AVERAGE(Base!$F$13:F46),"") -> -1.7381253 | H46: =IFERROR(-AVERAGE(Base!O44:O46),"") -> 0.18459524 | I46: =IFERROR(AVERAGE(Base!P44:P46),"") -> 6.1521435
A47: =Base!A47 -> 39386 | B47: =IFERROR(AVERAGE(Base!C45:C47)-Base!R47,"") -> 14.069929 | C47: =IFERROR(AVERAGE(Base!G45:G47)-Base!R47,"") -> 0.28854167 | D47: =IFERROR(AVERAGE(Base!H45:H47)-Base!R47,"") -> 3.1885417 | E47: 4.3912161 | F47: =IFERROR(AVERAGE(Base!K45:K47),"") -> -2.2347483 | G47: =IFERROR(AVERAGE(Base!M45:M47)*AVERAGE(Base!$F$13:F47),"") -> -1.6939575 | H47: =IFERROR(-AVERAGE(Base!O45:O47),"") -> 3.5519279 | I47: =IFERROR(AVERAGE(Base!P45:P47),"") -> 30.444726
A48: =Base!A48 -> 39416 | B48: =IFERROR(AVERAGE(Base!C46:C48)-Base!R48,"") -> 19.425305 | C48: =IFERROR(AVERAGE(Base!G46:G48)-Base!R48,"") -> 0.62727273 | D48: =IFERROR(AVERAGE(Base!H46:H48)-Base!R48,"") -> 2.8272727 | E48: 4.4906806 | F48: =IFERROR(AVERAGE(Base!K46:K48),"") -> -1.9768175 | G48: =IFERROR(AVERAGE(Base!M46:M48)*AVERAGE(Base!$F$13:F48),"") -> -1.1203725 | H48: =IFERROR(-AVERAGE(Base!O46:O48),"") -> 6.8850113 | I48: =IFERROR(AVERAGE(Base!P46:P48),"") -> 20.568548
A49: =Base!A49 -> 39447 | B49: =IFERROR(AVERAGE(Base!C47:C49)-Base!R49,"") -> 25.132212 | C49: =IFERROR(AVERAGE(Base!G47:G49)-Base!R49,"") -> 0.67254902 | D49: =IFERROR(AVERAGE(Base!H47:H49)-Base!R49,"") -> 2.972549 | E49: 3.6169283 | F49: =IFERROR(AVERAGE(Base!K47:K49),"") -> -1.5581577 | G49: =IFERROR(AVERAGE(Base!M47:M49)*AVERAGE(Base!$F$13:F49),"") -> -0.82816097 | H49: =IFERROR(-AVERAGE(Base!O47:O49),"") -> 9.5500767 | I49: =IFERROR(AVERAGE(Base!P47:P49),"") -> 27.207206
A50: =Base!A50 -> 39478 | B50: =IFERROR(AVERAGE(Base!C48:C50)-Base!R50,"") -> 38.06801 | C50: =IFERROR(AVERAGE(Base!G48:G50)-Base!R50,"") -> 0.58571429 | D50: =IFERROR(AVERAGE(Base!H48:H50)-Base!R50,"") -> 2.5190476 | E50: 2.8068754 | F50: =IFERROR(AVERAGE(Base!K48:K50),"") -> 0.019811821 | G50: =IFERROR(AVERAGE(Base!M48:M50)*AVERAGE(Base!$F$13:F50),"") -> -0.70151602 | H50: =IFERROR(-AVERAGE(Base!O48:O50),"") -> 10.695456 | I50: =IFERROR(AVERAGE(Base!P48:P50),"") -> 17.334825
... A150: =Base!A150 -> 42521 | B150: =IFERROR(AVERAGE(Base!C148:C150)-Base!R150,"") -> -2.4208266 | C150: =IFERROR(AVERAGE(Base!G148:G150)-Base!R150,"") -> -2.975 | D150: =IFERROR(AVERAGE(Base!H148:H150)-Base!R150,"") -> 2.3583333 | E150: 5.9469064 | F150: =IFERROR(AVERAGE(Base!K148:K150),"") -> -3.7018662 | G150: =IFERROR(AVERAGE(Base!M148:M150)*AVERAGE(Base!$F$13:F150),"") -> 3.746536 | H150: =IFERROR(-AVERAGE(Base!O148:O150),"") -> -13.413016 | I150: =IFERROR(AVERAGE(Base!P148:P150),"") -> -28.687181
A151: =Base!A151 -> 42551 | B151: =IFERROR(AVERAGE(Base!C149:C151)-Base!R151,"") -> -6.6721835 | C151: =IFERROR(AVERAGE(Base!G149:G151)-Base!R151,"") -> -4.9033333 | D151: =IFERROR(AVERAGE(Base!H149:H151)-Base!R151,"") -> 0.89666667 | E151: =IFERROR(AVERAGE(Base!I149:I151)-AVERAGE(Base!S92:S151),"") -> 20.621486 | F151: =IFERROR(AVERAGE(Base!K149:K151),"") -> -5.1509271 | G151: =IFERROR(AVERAGE(Base!M149:M151)*AVERAGE(Base!$F$13:F151),"") -> 2.9440551 | H151: =IFERROR(-AVERAGE(Base!O149:O151),"") -> -13.22839 | I151: =IFERROR(AVERAGE(Base!P149:P151),"") -> -33.106183
A152: =Base!A152 -> 42582 | B152: =IFERROR(AVERAGE(Base!C150:C152)-Base!R152,"") -> -7.2441583 | C152: =IFERROR(AVERAGE(Base!G150:G152)-Base!R152,"") -> -5.6316667 | D152: =IFERROR(AVERAGE(Base!H150:H152)-Base!R152,"") -> 0.86833333 | E152: =IFERROR(AVERAGE(Base!I150:I152)-AVERAGE(Base!S93:S152),"") -> 22.477804 | F152: =IFERROR(AVERAGE(Base!K150:K152),"") -> -5.6670138 | G152: =IFERROR(AVERAGE(Base!M150:M152)*AVERAGE(Base!$F$13:F152),"") -> 3.3684205 | H152: =IFERROR(-AVERAGE(Base!O150:O152),"") -> -14.715944 | I152: =IFERROR(AVERAGE(Base!P150:P152),"") -> -39.032972
A153: =Base!A153 -> 42613 | B153: =IFERROR(AVERAGE(Base!C151:C153)-Base!R153,"") -> -4.1633279 | C153: =IFERROR(AVERAGE(Base!G151:G153)-Base!R153,"") -> -5.06 | D153: =IFERROR(AVERAGE(Base!H151:H153)-Base!R153,"") -> 0.94 | E153: =IFERROR(AVERAGE(Base!I151:I153)-AVERAGE(Base!S94:S153),"") -> 22.366907 | F153: =IFERROR(AVERAGE(Base!K151:K153),"") -> -4.5954827 | G153: =IFERROR(AVERAGE(Base!M151:M153)*AVERAGE(Base!$F$13:F153),"") -> 4.5665578 | H153: =IFERROR(-AVERAGE(Base!O151:O153),"") -> -15.867559 | I153: =IFERROR(AVERAGE(Base!P151:P153),"") -> -36.671446
A154: =Base!A154 -> 42643 | B154: =IFERROR(AVERAGE(Base!C152:C154)-Base!R154,"") -> -0.63954948 | C154: =IFERROR(AVERAGE(Base!G152:G154)-Base!R154,"") -> -3.8983333 | D154: =IFERROR(AVERAGE(Base!H152:H154)-Base!R154,"") -> 1.2683333 | E154: =IFERROR(AVERAGE(Base!I152:I154)-AVERAGE(Base!S95:S154),"") -> 20.870196 | F154: =IFERROR(AVERAGE(Base!K152:K154),"") -> -3.5621588 | G154: =IFERROR(AVERAGE(Base!M152:M154)*AVERAGE(Base!$F$13:F154),"") -> 5.68047 | H154: =IFERROR(-AVERAGE(Base!O152:O154),"") -> -14.415986 | I154: =IFERROR(AVERAGE(Base!P152:P154),"") -> -24.088957
A155: =Base!A155 -> 42674 | B155: =IFERROR(AVERAGE(Base!C153:C155)-Base!R155,"") -> 0.95550949 | C155: =IFERROR(AVERAGE(Base!G153:G155)-Base!R155,"") -> -3.3033333 | D155: =IFERROR(AVERAGE(Base!H153:H155)-Base!R155,"") -> 1.7966667 | E155: =IFERROR(AVERAGE(Base!I153:I155)-AVERAGE(Base!S96:S155),"") -> 20.263338 | F155: =IFERROR(AVERAGE(Base!K153:K155),"") -> -3.7721457 | G155: =IFERROR(AVERAGE(Base!M153:M155)*AVERAGE(Base!$F$13:F155),"") -> 5.9869446 | H155: =IFERROR(-AVERAGE(Base!O153:O155),"") -> -11.352614 | I155: =IFERROR(AVERAGE(Base!P153:P155),"") -> -6.7445131
A156: =Base!A156 -> 42704 | B156: =IFERROR(AVERAGE(Base!C154:C156)-Base!R156,"") -> 4.026451 | C156: =IFERROR(AVERAGE(Base!G154:G156)-Base!R156,"") -> -2.775 | D156: =IFERROR(AVERAGE(Base!H154:H156)-Base!R156,"") -> 2.5916667 | E156: =IFERROR(AVERAGE(Base!I154:I156)-AVERAGE(Base!S97:S156),"") -> 19.673072 | F156: =IFERROR(AVERAGE(Base!K154:K156),"") -> -4.4210333 | G156: =IFERROR(AVERAGE(Base!M154:M156)*AVERAGE(Base!$F$13:F156),"") -> 6.2983995 | H156: =IFERROR(-AVERAGE(Base!O154:O156),"") -> -7.9758106 | I156: =IFERROR(AVERAGE(Base!P154:P156),"") -> 1.8513271
A157: =Base!A157 -> 42735 | B157: =IFERROR(AVERAGE(Base!C155:C157)-Base!R157,"") -> 16.72098 | C157: =IFERROR(AVERAGE(Base!G155:G157)-Base!R157,"") -> -1.5966667 | D157: =IFERROR(AVERAGE(Base!H155:H157)-Base!R157,"") -> 3.9033333 | E157: =IFERROR(AVERAGE(Base!I155:I157)-AVERAGE(Base!S98:S157),"") -> 17.23501 | F157: =IFERROR(AVERAGE(Base!K155:K157),"") -> -5.7414647 | G157: =IFERROR(AVERAGE(Base!M155:M157)*AVERAGE(Base!$F$13:F157),"") -> 3.5131008 | H157: =IFERROR(-AVERAGE(Base!O155:O157),"") -> -6.3526411 | I157: =IFERROR(AVERAGE(Base!P155:P157),"") -> 9.7921102
A158: =Base!A158 -> 42766 | B158: =IFERROR(AVERAGE(Base!C156:C158)-Base!R158,"") -> 22.314471 | C158: =IFERROR(AVERAGE(Base!G156:G158)-Base!R158,"") -> 0.34833333 | D158: =IFERROR(AVERAGE(Base!H156:H158)-Base!R158,"") -> 4.4816667 | E158: =IFERROR(AVERAGE(Base!I156:I158)-AVERAGE(Base!S99:S158),"") -> 13.063393 | F158: =IFERROR(AVERAGE(Base!K156:K158),"") -> -5.9787633 | G158: =IFERROR(AVERAGE(Base!M156:M158)*AVERAGE(Base!$F$13:F158),"") -> 1.103828 | H158: =IFERROR(-AVERAGE(Base!O156:O158),"") -> -5.6622528 | I158: =IFERROR(AVERAGE(Base!P156:P158),"") -> 8.1151674
A159: =Base!A159 -> 42794 | B159: =IFERROR(AVERAGE(Base!C157:C159)-Base!R159,"") -> 13.493058 | C159: =IFERROR(AVERAGE(Base!G157:G159)-Base!R159,"") -> 0.32666667 | D159: =IFERROR(AVERAGE(Base!H157:H159)-Base!R159,"") -> 3.2933333 | E159: =IFERROR(AVERAGE(Base!I157:I159)-AVERAGE(Base!S100:S159),"") -> 9.2103253 | F159: =IFERROR(AVERAGE(Base!K157:K159),"") -> -6.1825174 | G159: =IFERROR(AVERAGE(Base!M157:M159)*AVERAGE(Base!$F$13:F159),"") -> -2.6785451 | H159: =IFERROR(-AVERAGE(Base!O157:O159),"") -> -5.7004035 | I159: =IFERROR(AVERAGE(Base!P157:P159),"") -> 5.447653
A160: =Base!A160 -> 42825 | B160: =IFERROR(AVERAGE(Base!C158:C160)-Base!R160,"") -> 2.7358234 | C160: =IFERROR(AVERAGE(Base!G158:G160)-Base!R160,"") -> 0.61 | D160: =IFERROR(AVERAGE(Base!H158:H160)-Base!R160,"") -> 2.5433333 | E160: =IFERROR(AVERAGE(Base!I158:I160)-AVERAGE(Base!S101:S160),"") -> 7.6609039 | F160: =IFERROR(AVERAGE(Base!K158:K160),"") -> -6.1462535 | G160: =IFERROR(AVERAGE(Base!M158:M160)*AVERAGE(Base!$F$13:F160),"") -> -3.7734826 | H160: =IFERROR(-AVERAGE(Base!O158:O160),"") -> -6.048569 | I160: =IFERROR(AVERAGE(Base!P158:P160),"") -> -0.85518291
A161: =Base!A161 -> 42855 | B161: =IFERROR(AVERAGE(Base!C159:C161)-Base!R161,"") -> 0.12416916 | C161: =IFERROR(AVERAGE(Base!G159:G161)-Base!R161,"") -> -0.10666667 | D161: =IFERROR(AVERAGE(Base!H159:H161)-Base!R161,"") -> 2.1933333 | E161: =IFERROR(AVERAGE(Base!I159:I161)-AVERAGE(Base!S102:S161),"") -> 7.0204976 | F161: =IFERROR(AVERAGE(Base!K159:K161),"") -> -8.7058869 | G161: =IFERROR(AVERAGE(Base!M159:M161)*AVERAGE(Base!$F$13:F161),"") -> -4.4045843 | H161: =IFERROR(-AVERAGE(Base!O159:O161),"") -> -5.4129024 | I161: =IFERROR(AVERAGE(Base!P159:P161),"") -> -7.4128986
A162: =Base!A162 -> 42886 | B162: =IFERROR(AVERAGE(Base!C160:C162)-Base!R162,"") -> 2.7699922 | C162: =IFERROR(AVERAGE(Base!G160:G162)-Base!R162,"") -> 1.11 | D162: =IFERROR(AVERAGE(Base!H160:H162)-Base!R162,"") -> 3.1433333 | E162: =IFERROR(AVERAGE(Base!I160:I162)-AVERAGE(Base!S103:S162),"") -> 5.4642035 | F162: =IFERROR(AVERAGE(Base!K160:K162),"") -> -8.5715113 | G162: =IFERROR(AVERAGE(Base!M160:M162)*AVERAGE(Base!$F$13:F162),"") -> -2.8853345 | H162: =IFERROR(-AVERAGE(Base!O160:O162),"") -> -3.4968552 | I162: =IFERROR(AVERAGE(Base!P160:P162),"") -> -4.1411101
... A273: =Base!A273 -> 46265 | B273: =IFERROR(AVERAGE(Base!C271:C273)-Base!R273,"") -> 14.4175 | C273: =IFERROR(AVERAGE(Base!G271:G273)-Base!R273,"") -> -0.005 | D273: =IFERROR(AVERAGE(Base!H271:H273)-Base!R273,"") -> -1.205 | E273: =IFERROR(AVERAGE(Base!I271:I273)-AVERAGE(Base!S214:S273),"") -> -33.340833 | F273: =IFERROR(AVERAGE(Base!K271:K273),"") -> 19.25292 | G273: =IFERROR(AVERAGE(Base!M271:M273)*AVERAGE(Base!$F$13:F273),"") -> -2.2773342 | H273: =IFERROR(-AVERAGE(Base!O271:O273),"") -> 2.0846704 | I273: =IFERROR(AVERAGE(Base!P271:P273),"") -> 146.52398
A275: Replica exacta de tus columnas U:AB, con DOS cambios documentados:
A276: (1) Exc. Invent. lleva signo invertido (-AVERAGE). En tu archivo falta el signo; es el factor con mayor IC y entraba al reves.
A277: (2) Exc. IPC Transp: valores pegados de tu archivo hasta may-2016 (tu columna X los tenia hardcodeados) y formula desde jun-2016.
A278: Exc. ITCRM conserva la multiplicacion por la apertura comercial promedio para reproducir tu archivo, pero es un no-op:
A279: corr(Exc. ITCRM, promedio movil 3m de ITCRM yoy) = 0,9976. Se puede borrar sin cambiar nada.

Sheet Senal
A1: Fecha | B1: z Exp | C1: z EMAE | D1: z EMAE Transp | E1: z IPC Transp | F1: z Prod. petroleo | G1: z ITCRM | H1: z Invent. | I1: z Crack | J1: w Exp | K1: w EMAE | L1: w EMAE Transp | M1: w IPC Transp | N1: w Prod. petroleo | O1: w ITCRM | P1: w Invent. | Q1: w Crack | R1: MEDIANA (score) | S1: |score| | T1: Umbral | U1: Senal | V1: Posicion cruda (clip +-1) | W1: Score EW (media, comparacion)
A2: =Base!A2 -> 38017
A3: =Base!A3 -> 38046
A4: =Base!A4 -> 38077
A5: =Base!A5 -> 38107
A6: =Base!A6 -> 38138
A7: =Base!A7 -> 38168
A8: =Base!A8 -> 38199
A9: =Base!A9 -> 38230
A10: =Base!A10 -> 38260
A11: =Base!A11 -> 38291
A12: =Base!A12 -> 38321
A13: =Base!A13 -> 38352
... A38: =Base!A38 -> 39113
A39: =Base!A39 -> 39141 | B39: =IF(COUNT(Transf!B$39:B39)<36,"",(Transf!B39-AVERAGE(Transf!B$39:B39))/STDEV(Transf!B$39:B39)) | C39: =IF(COUNT(Transf!C$39:C39)<36,"",(Transf!C39-AVERAGE(Transf!C$39:C39))/STDEV(Transf!C$39:C39)) | D39: =IF(COUNT(Transf!D$39:D39)<36,"",(Transf!D39-AVERAGE(Transf!D$39:D39))/STDEV(Transf!D$39:D39)) | E39: =IF(COUNT(Transf!E$39:E39)<36,"",(Transf!E39-AVERAGE(Transf!E$39:E39))/STDEV(Transf!E$39:E39)) | F39: =IF(COUNT(Transf!F$39:F39)<36,"",(Transf!F39-AVERAGE(Transf!F$39:F39))/STDEV(Transf!F$39:F39)) | G39: =IF(COUNT(Transf!G$39:G39)<36,"",(Transf!G39-AVERAGE(Transf!G$39:G39))/STDEV(Transf!G$39:G39)) | H39: =IF(COUNT(Transf!H$39:H39)<36,"",(Transf!H39-AVERAGE(Transf!H$39:H39))/STDEV(Transf!H$39:H39)) | I39: =IF(COUNT(Transf!I$39:I39)<36,"",(Transf!I39-AVERAGE(Transf!I$39:I39))/STDEV(Transf!I$39:I39))
A40: =Base!A40 -> 39172 | B40: =IF(COUNT(Transf!B$39:B40)<36,"",(Transf!B40-AVERAGE(Transf!B$39:B40))/STDEV(Transf!B$39:B40)) | C40: =IF(COUNT(Transf!C$39:C40)<36,"",(Transf!C40-AVERAGE(Transf!C$39:C40))/STDEV(Transf!C$39:C40)) | D40: =IF(COUNT(Transf!D$39:D40)<36,"",(Transf!D40-AVERAGE(Transf!D$39:D40))/STDEV(Transf!D$39:D40)) | E40: =IF(COUNT(Transf!E$39:E40)<36,"",(Transf!E40-AVERAGE(Transf!E$39:E40))/STDEV(Transf!E$39:E40)) | F40: =IF(COUNT(Transf!F$39:F40)<36,"",(Transf!F40-AVERAGE(Transf!F$39:F40))/STDEV(Transf!F$39:F40)) | G40: =IF(COUNT(Transf!G$39:G40)<36,"",(Transf!G40-AVERAGE(Transf!G$39:G40))/STDEV(Transf!G$39:G40)) | H40: =IF(COUNT(Transf!H$39:H40)<36,"",(Transf!H40-AVERAGE(Transf!H$39:H40))/STDEV(Transf!H$39:H40)) | I40: =IF(COUNT(Transf!I$39:I40)<36,"",(Transf!I40-AVERAGE(Transf!I$39:I40))/STDEV(Transf!I$39:I40))
A41: =Base!A41 -> 39202 | B41: =IF(COUNT(Transf!B$39:B41)<36,"",(Transf!B41-AVERAGE(Transf!B$39:B41))/STDEV(Transf!B$39:B41)) | C41: =IF(COUNT(Transf!C$39:C41)<36,"",(Transf!C41-AVERAGE(Transf!C$39:C41))/STDEV(Transf!C$39:C41)) | D41: =IF(COUNT(Transf!D$39:D41)<36,"",(Transf!D41-AVERAGE(Transf!D$39:D41))/STDEV(Transf!D$39:D41)) | E41: =IF(COUNT(Transf!E$39:E41)<36,"",(Transf!E41-AVERAGE(Transf!E$39:E41))/STDEV(Transf!E$39:E41)) | F41: =IF(COUNT(Transf!F$39:F41)<36,"",(Transf!F41-AVERAGE(Transf!F$39:F41))/STDEV(Transf!F$39:F41)) | G41: =IF(COUNT(Transf!G$39:G41)<36,"",(Transf!G41-AVERAGE(Transf!G$39:G41))/STDEV(Transf!G$39:G41)) | H41: =IF(COUNT(Transf!H$39:H41)<36,"",(Transf!H41-AVERAGE(Transf!H$39:H41))/STDEV(Transf!H$39:H41)) | I41: =IF(COUNT(Transf!I$39:I41)<36,"",(Transf!I41-AVERAGE(Transf!I$39:I41))/STDEV(Transf!I$39:I41))
A42: =Base!A42 -> 39233 | B42: =IF(COUNT(Transf!B$39:B42)<36,"",(Transf!B42-AVERAGE(Transf!B$39:B42))/STDEV(Transf!B$39:B42)) | C42: =IF(COUNT(Transf!C$39:C42)<36,"",(Transf!C42-AVERAGE(Transf!C$39:C42))/STDEV(Transf!C$39:C42)) | D42: =IF(COUNT(Transf!D$39:D42)<36,"",(Transf!D42-AVERAGE(Transf!D$39:D42))/STDEV(Transf!D$39:D42)) | E42: =IF(COUNT(Transf!E$39:E42)<36,"",(Transf!E42-AVERAGE(Transf!E$39:E42))/STDEV(Transf!E$39:E42)) | F42: =IF(COUNT(Transf!F$39:F42)<36,"",(Transf!F42-AVERAGE(Transf!F$39:F42))/STDEV(Transf!F$39:F42)) | G42: =IF(COUNT(Transf!G$39:G42)<36,"",(Transf!G42-AVERAGE(Transf!G$39:G42))/STDEV(Transf!G$39:G42)) | H42: =IF(COUNT(Transf!H$39:H42)<36,"",(Transf!H42-AVERAGE(Transf!H$39:H42))/STDEV(Transf!H$39:H42)) | I42: =IF(COUNT(Transf!I$39:I42)<36,"",(Transf!I42-AVERAGE(Transf!I$39:I42))/STDEV(Transf!I$39:I42))
A43: =Base!A43 -> 39263 | B43: =IF(COUNT(Transf!B$39:B43)<36,"",(Transf!B43-AVERAGE(Transf!B$39:B43))/STDEV(Transf!B$39:B43)) | C43: =IF(COUNT(Transf!C$39:C43)<36,"",(Transf!C43-AVERAGE(Transf!C$39:C43))/STDEV(Transf!C$39:C43)) | D43: =IF(COUNT(Transf!D$39:D43)<36,"",(Transf!D43-AVERAGE(Transf!D$39:D43))/STDEV(Transf!D$39:D43)) | E43: =IF(COUNT(Transf!E$39:E43)<36,"",(Transf!E43-AVERAGE(Transf!E$39:E43))/STDEV(Transf!E$39:E43)) | F43: =IF(COUNT(Transf!F$39:F43)<36,"",(Transf!F43-AVERAGE(Transf!F$39:F43))/STDEV(Transf!F$39:F43)) | G43: =IF(COUNT(Transf!G$39:G43)<36,"",(Transf!G43-AVERAGE(Transf!G$39:G43))/STDEV(Transf!G$39:G43)) | H43: =IF(COUNT(Transf!H$39:H43)<36,"",(Transf!H43-AVERAGE(Transf!H$39:H43))/STDEV(Transf!H$39:H43)) | I43: =IF(COUNT(Transf!I$39:I43)<36,"",(Transf!I43-AVERAGE(Transf!I$39:I43))/STDEV(Transf!I$39:I43))
A44: =Base!A44 -> 39294 | B44: =IF(COUNT(Transf!B$39:B44)<36,"",(Transf!B44-AVERAGE(Transf!B$39:B44))/STDEV(Transf!B$39:B44)) | C44: =IF(COUNT(Transf!C$39:C44)<36,"",(Transf!C44-AVERAGE(Transf!C$39:C44))/STDEV(Transf!C$39:C44)) | D44: =IF(COUNT(Transf!D$39:D44)<36,"",(Transf!D44-AVERAGE(Transf!D$39:D44))/STDEV(Transf!D$39:D44)) | E44: =IF(COUNT(Transf!E$39:E44)<36,"",(Transf!E44-AVERAGE(Transf!E$39:E44))/STDEV(Transf!E$39:E44)) | F44: =IF(COUNT(Transf!F$39:F44)<36,"",(Transf!F44-AVERAGE(Transf!F$39:F44))/STDEV(Transf!F$39:F44)) | G44: =IF(COUNT(Transf!G$39:G44)<36,"",(Transf!G44-AVERAGE(Transf!G$39:G44))/STDEV(Transf!G$39:G44)) | H44: =IF(COUNT(Transf!H$39:H44)<36,"",(Transf!H44-AVERAGE(Transf!H$39:H44))/STDEV(Transf!H$39:H44)) | I44: =IF(COUNT(Transf!I$39:I44)<36,"",(Transf!I44-AVERAGE(Transf!I$39:I44))/STDEV(Transf!I$39:I44))
A45: =Base!A45 -> 39325 | B45: =IF(COUNT(Transf!B$39:B45)<36,"",(Transf!B45-AVERAGE(Transf!B$39:B45))/STDEV(Transf!B$39:B45)) | C45: =IF(COUNT(Transf!C$39:C45)<36,"",(Transf!C45-AVERAGE(Transf!C$39:C45))/STDEV(Transf!C$39:C45)) | D45: =IF(COUNT(Transf!D$39:D45)<36,"",(Transf!D45-AVERAGE(Transf!D$39:D45))/STDEV(Transf!D$39:D45)) | E45: =IF(COUNT(Transf!E$39:E45)<36,"",(Transf!E45-AVERAGE(Transf!E$39:E45))/STDEV(Transf!E$39:E45)) | F45: =IF(COUNT(Transf!F$39:F45)<36,"",(Transf!F45-AVERAGE(Transf!F$39:F45))/STDEV(Transf!F$39:F45)) | G45: =IF(COUNT(Transf!G$39:G45)<36,"",(Transf!G45-AVERAGE(Transf!G$39:G45))/STDEV(Transf!G$39:G45)) | H45: =IF(COUNT(Transf!H$39:H45)<36,"",(Transf!H45-AVERAGE(Transf!H$39:H45))/STDEV(Transf!H$39:H45)) | I45: =IF(COUNT(Transf!I$39:I45)<36,"",(Transf!I45-AVERAGE(Transf!I$39:I45))/STDEV(Transf!I$39:I45))
A46: =Base!A46 -> 39355 | B46: =IF(COUNT(Transf!B$39:B46)<36,"",(Transf!B46-AVERAGE(Transf!B$39:B46))/STDEV(Transf!B$39:B46)) | C46: =IF(COUNT(Transf!C$39:C46)<36,"",(Transf!C46-AVERAGE(Transf!C$39:C46))/STDEV(Transf!C$39:C46)) | D46: =IF(COUNT(Transf!D$39:D46)<36,"",(Transf!D46-AVERAGE(Transf!D$39:D46))/STDEV(Transf!D$39:D46)) | E46: =IF(COUNT(Transf!E$39:E46)<36,"",(Transf!E46-AVERAGE(Transf!E$39:E46))/STDEV(Transf!E$39:E46)) | F46: =IF(COUNT(Transf!F$39:F46)<36,"",(Transf!F46-AVERAGE(Transf!F$39:F46))/STDEV(Transf!F$39:F46)) | G46: =IF(COUNT(Transf!G$39:G46)<36,"",(Transf!G46-AVERAGE(Transf!G$39:G46))/STDEV(Transf!G$39:G46)) | H46: =IF(COUNT(Transf!H$39:H46)<36,"",(Transf!H46-AVERAGE(Transf!H$39:H46))/STDEV(Transf!H$39:H46)) | I46: =IF(COUNT(Transf!I$39:I46)<36,"",(Transf!I46-AVERAGE(Transf!I$39:I46))/STDEV(Transf!I$39:I46))
A47: =Base!A47 -> 39386 | B47: =IF(COUNT(Transf!B$39:B47)<36,"",(Transf!B47-AVERAGE(Transf!B$39:B47))/STDEV(Transf!B$39:B47)) | C47: =IF(COUNT(Transf!C$39:C47)<36,"",(Transf!C47-AVERAGE(Transf!C$39:C47))/STDEV(Transf!C$39:C47)) | D47: =IF(COUNT(Transf!D$39:D47)<36,"",(Transf!D47-AVERAGE(Transf!D$39:D47))/STDEV(Transf!D$39:D47)) | E47: =IF(COUNT(Transf!E$39:E47)<36,"",(Transf!E47-AVERAGE(Transf!E$39:E47))/STDEV(Transf!E$39:E47)) | F47: =IF(COUNT(Transf!F$39:F47)<36,"",(Transf!F47-AVERAGE(Transf!F$39:F47))/STDEV(Transf!F$39:F47)) | G47: =IF(COUNT(Transf!G$39:G47)<36,"",(Transf!G47-AVERAGE(Transf!G$39:G47))/STDEV(Transf!G$39:G47)) | H47: =IF(COUNT(Transf!H$39:H47)<36,"",(Transf!H47-AVERAGE(Transf!H$39:H47))/STDEV(Transf!H$39:H47)) | I47: =IF(COUNT(Transf!I$39:I47)<36,"",(Transf!I47-AVERAGE(Transf!I$39:I47))/STDEV(Transf!I$39:I47))
A48: =Base!A48 -> 39416 | B48: =IF(COUNT(Transf!B$39:B48)<36,"",(Transf!B48-AVERAGE(Transf!B$39:B48))/STDEV(Transf!B$39:B48)) | C48: =IF(COUNT(Transf!C$39:C48)<36,"",(Transf!C48-AVERAGE(Transf!C$39:C48))/STDEV(Transf!C$39:C48)) | D48: =IF(COUNT(Transf!D$39:D48)<36,"",(Transf!D48-AVERAGE(Transf!D$39:D48))/STDEV(Transf!D$39:D48)) | E48: =IF(COUNT(Transf!E$39:E48)<36,"",(Transf!E48-AVERAGE(Transf!E$39:E48))/STDEV(Transf!E$39:E48)) | F48: =IF(COUNT(Transf!F$39:F48)<36,"",(Transf!F48-AVERAGE(Transf!F$39:F48))/STDEV(Transf!F$39:F48)) | G48: =IF(COUNT(Transf!G$39:G48)<36,"",(Transf!G48-AVERAGE(Transf!G$39:G48))/STDEV(Transf!G$39:G48)) | H48: =IF(COUNT(Transf!H$39:H48)<36,"",(Transf!H48-AVERAGE(Transf!H$39:H48))/STDEV(Transf!H$39:H48)) | I48: =IF(COUNT(Transf!I$39:I48)<36,"",(Transf!I48-AVERAGE(Transf!I$39:I48))/STDEV(Transf!I$39:I48))
A49: =Base!A49 -> 39447 | B49: =IF(COUNT(Transf!B$39:B49)<36,"",(Transf!B49-AVERAGE(Transf!B$39:B49))/STDEV(Transf!B$39:B49)) | C49: =IF(COUNT(Transf!C$39:C49)<36,"",(Transf!C49-AVERAGE(Transf!C$39:C49))/STDEV(Transf!C$39:C49)) | D49: =IF(COUNT(Transf!D$39:D49)<36,"",(Transf!D49-AVERAGE(Transf!D$39:D49))/STDEV(Transf!D$39:D49)) | E49: =IF(COUNT(Transf!E$39:E49)<36,"",(Transf!E49-AVERAGE(Transf!E$39:E49))/STDEV(Transf!E$39:E49)) | F49: =IF(COUNT(Transf!F$39:F49)<36,"",(Transf!F49-AVERAGE(Transf!F$39:F49))/STDEV(Transf!F$39:F49)) | G49: =IF(COUNT(Transf!G$39:G49)<36,"",(Transf!G49-AVERAGE(Transf!G$39:G49))/STDEV(Transf!G$39:G49)) | H49: =IF(COUNT(Transf!H$39:H49)<36,"",(Transf!H49-AVERAGE(Transf!H$39:H49))/STDEV(Transf!H$39:H49)) | I49: =IF(COUNT(Transf!I$39:I49)<36,"",(Transf!I49-AVERAGE(Transf!I$39:I49))/STDEV(Transf!I$39:I49))
A50: =Base!A50 -> 39478 | B50: =IF(COUNT(Transf!B$39:B50)<36,"",(Transf!B50-AVERAGE(Transf!B$39:B50))/STDEV(Transf!B$39:B50)) | C50: =IF(COUNT(Transf!C$39:C50)<36,"",(Transf!C50-AVERAGE(Transf!C$39:C50))/STDEV(Transf!C$39:C50)) | D50: =IF(COUNT(Transf!D$39:D50)<36,"",(Transf!D50-AVERAGE(Transf!D$39:D50))/STDEV(Transf!D$39:D50)) | E50: =IF(COUNT(Transf!E$39:E50)<36,"",(Transf!E50-AVERAGE(Transf!E$39:E50))/STDEV(Transf!E$39:E50)) | F50: =IF(COUNT(Transf!F$39:F50)<36,"",(Transf!F50-AVERAGE(Transf!F$39:F50))/STDEV(Transf!F$39:F50)) | G50: =IF(COUNT(Transf!G$39:G50)<36,"",(Transf!G50-AVERAGE(Transf!G$39:G50))/STDEV(Transf!G$39:G50)) | H50: =IF(COUNT(Transf!H$39:H50)<36,"",(Transf!H50-AVERAGE(Transf!H$39:H50))/STDEV(Transf!H$39:H50)) | I50: =IF(COUNT(Transf!I$39:I50)<36,"",(Transf!I50-AVERAGE(Transf!I$39:I50))/STDEV(Transf!I$39:I50))
... A73: =Base!A73 -> 40178 | B73: =IF(COUNT(Transf!B$39:B73)<36,"",(Transf!B73-AVERAGE(Transf!B$39:B73))/STDEV(Transf!B$39:B73)) | C73: =IF(COUNT(Transf!C$39:C73)<36,"",(Transf!C73-AVERAGE(Transf!C$39:C73))/STDEV(Transf!C$39:C73)) | D73: =IF(COUNT(Transf!D$39:D73)<36,"",(Transf!D73-AVERAGE(Transf!D$39:D73))/STDEV(Transf!D$39:D73)) | E73: =IF(COUNT(Transf!E$39:E73)<36,"",(Transf!E73-AVERAGE(Transf!E$39:E73))/STDEV(Transf!E$39:E73)) | F73: =IF(COUNT(Transf!F$39:F73)<36,"",(Transf!F73-AVERAGE(Transf!F$39:F73))/STDEV(Transf!F$39:F73)) | G73: =IF(COUNT(Transf!G$39:G73)<36,"",(Transf!G73-AVERAGE(Transf!G$39:G73))/STDEV(Transf!G$39:G73)) | H73: =IF(COUNT(Transf!H$39:H73)<36,"",(Transf!H73-AVERAGE(Transf!H$39:H73))/STDEV(Transf!H$39:H73)) | I73: =IF(COUNT(Transf!I$39:I73)<36,"",(Transf!I73-AVERAGE(Transf!I$39:I73))/STDEV(Transf!I$39:I73))
A74: =Base!A74 -> 40209 | B74: =IF(COUNT(Transf!B$39:B74)<36,"",(Transf!B74-AVERAGE(Transf!B$39:B74))/STDEV(Transf!B$39:B74)) -> 0.12776213 | C74: =IF(COUNT(Transf!C$39:C74)<36,"",(Transf!C74-AVERAGE(Transf!C$39:C74))/STDEV(Transf!C$39:C74)) -> 0.44708068 | D74: =IF(COUNT(Transf!D$39:D74)<36,"",(Transf!D74-AVERAGE(Transf!D$39:D74))/STDEV(Transf!D$39:D74)) -> 0.30254342 | E74: =IF(COUNT(Transf!E$39:E74)<36,"",(Transf!E74-AVERAGE(Transf!E$39:E74))/STDEV(Transf!E$39:E74)) -> -0.80858734 | F74: =IF(COUNT(Transf!F$39:F74)<36,"",(Transf!F74-AVERAGE(Transf!F$39:F74))/STDEV(Transf!F$39:F74)) -> -1.0406195 | G74: =IF(COUNT(Transf!G$39:G74)<36,"",(Transf!G74-AVERAGE(Transf!G$39:G74))/STDEV(Transf!G$39:G74)) -> 1.7412184 | H74: =IF(COUNT(Transf!H$39:H74)<36,"",(Transf!H74-AVERAGE(Transf!H$39:H74))/STDEV(Transf!H$39:H74)) -> 0.077778053 | I74: =IF(COUNT(Transf!I$39:I74)<36,"",(Transf!I74-AVERAGE(Transf!I$39:I74))/STDEV(Transf!I$39:I74)) -> 0.98128025 | J74: =IF(B74="","",IF(COUNT(B$74:B74)<60,B74,MEDIAN(QUARTILE(B$74:B74,1)-1.5*(QUARTILE(B$74:B74,3)-QUARTILE(B$74:B74,1)),B74,QUARTILE(B$74:B74,3)+1.5*(QUARTILE(B$74:B74,3)-QUARTILE(B$74:B74,1))))) -> 0.12776213 | K74: =IF(C74="","",IF(COUNT(C$74:C74)<60,C74,MEDIAN(QUARTILE(C$74:C74,1)-1.5*(QUARTILE(C$74:C74,3)-QUARTILE(C$74:C74,1)),C74,QUARTILE(C$74:C74,3)+1.5*(QUARTILE(C$74:C74,3)-QUARTILE(C$74:C74,1))))) -> 0.44708068 | L74: =IF(D74="","",IF(COUNT(D$74:D74)<60,D74,MEDIAN(QUARTILE(D$74:D74,1)-1.5*(QUARTILE(D$74:D74,3)-QUARTILE(D$74:D74,1)),D74,QUARTILE(D$74:D74,3)+1.5*(QUARTILE(D$74:D74,3)-QUARTILE(D$74:D74,1))))) -> 0.30254342 | M74: =IF(E74="","",IF(COUNT(E$74:E74)<60,E74,MEDIAN(QUARTILE(E$74:E74,1)-1.5*(QUARTILE(E$74:E74,3)-QUARTILE(E$74:E74,1)),E74,QUARTILE(E$74:E74,3)+1.5*(QUARTILE(E$74:E74,3)-QUARTILE(E$74:E74,1))))) -> -0.80858734 | N74: =IF(F74="","",IF(COUNT(F$74:F74)<60,F74,MEDIAN(QUARTILE(F$74:F74,1)-1.5*(QUARTILE(F$74:F74,3)-QUARTILE(F$74:F74,1)),F74,QUARTILE(F$74:F74,3)+1.5*(QUARTILE(F$74:F74,3)-QUARTILE(F$74:F74,1))))) -> -1.0406195 | O74: =IF(G74="","",IF(COUNT(G$74:G74)<60,G74,MEDIAN(QUARTILE(G$74:G74,1)-1.5*(QUARTILE(G$74:G74,3)-QUARTILE(G$74:G74,1)),G74,QUARTILE(G$74:G74,3)+1.5*(QUARTILE(G$74:G74,3)-QUARTILE(G$74:G74,1))))) -> 1.7412184 | P74: =IF(H74="","",IF(COUNT(H$74:H74)<60,H74,MEDIAN(QUARTILE(H$74:H74,1)-1.5*(QUARTILE(H$74:H74,3)-QUARTILE(H$74:H74,1)),H74,QUARTILE(H$74:H74,3)+1.5*(QUARTILE(H$74:H74,3)-QUARTILE(H$74:H74,1))))) -> 0.077778053 | Q74: =IF(I74="","",IF(COUNT(I$74:I74)<60,I74,MEDIAN(QUARTILE(I$74:I74,1)-1.5*(QUARTILE(I$74:I74,3)-QUARTILE(I$74:I74,1)),I74,QUARTILE(I$74:I74,3)+1.5*(QUARTILE(I$74:I74,3)-QUARTILE(I$74:I74,1))))) -> 0.98128025 | R74: =IF(J74="","",MEDIAN(J74:Q74)) -> 0.21515277 | S74: =IF(R74="","",ABS(R74)) -> 0.21515277 | T74: =IF(COUNT(S$74:S73)<60,"",MEDIAN(S$74:S73)) | U74: =IF(R74="","",IF(T74="",0,IF(S74>=T74,R74,0))) -> 0 | V74: =IF(U74="","",MEDIAN(-1,U74,1)) -> 0 | W74: =IF(J74="","",AVERAGE(J74:Q74)) -> 0.22855702
A75: =Base!A75 -> 40237 | B75: =IF(COUNT(Transf!B$39:B75)<36,"",(Transf!B75-AVERAGE(Transf!B$39:B75))/STDEV(Transf!B$39:B75)) -> 0.14215922 | C75: =IF(COUNT(Transf!C$39:C75)<36,"",(Transf!C75-AVERAGE(Transf!C$39:C75))/STDEV(Transf!C$39:C75)) -> 0.61817763 | D75: =IF(COUNT(Transf!D$39:D75)<36,"",(Transf!D75-AVERAGE(Transf!D$39:D75))/STDEV(Transf!D$39:D75)) -> 0.42039626 | E75: =IF(COUNT(Transf!E$39:E75)<36,"",(Transf!E75-AVERAGE(Transf!E$39:E75))/STDEV(Transf!E$39:E75)) -> -0.32302304 | F75: =IF(COUNT(Transf!F$39:F75)<36,"",(Transf!F75-AVERAGE(Transf!F$39:F75))/STDEV(Transf!F$39:F75)) -> -0.62638274 | G75: =IF(COUNT(Transf!G$39:G75)<36,"",(Transf!G75-AVERAGE(Transf!G$39:G75))/STDEV(Transf!G$39:G75)) -> 1.1043792 | H75: =IF(COUNT(Transf!H$39:H75)<36,"",(Transf!H75-AVERAGE(Transf!H$39:H75))/STDEV(Transf!H$39:H75)) -> 0.3860933 | I75: =IF(COUNT(Transf!I$39:I75)<36,"",(Transf!I75-AVERAGE(Transf!I$39:I75))/STDEV(Transf!I$39:I75)) -> -0.24801986 | J75: =IF(B75="","",IF(COUNT(B$74:B75)<60,B75,MEDIAN(QUARTILE(B$74:B75,1)-1.5*(QUARTILE(B$74:B75,3)-QUARTILE(B$74:B75,1)),B75,QUARTILE(B$74:B75,3)+1.5*(QUARTILE(B$74:B75,3)-QUARTILE(B$74:B75,1))))) -> 0.14215922 | K75: =IF(C75="","",IF(COUNT(C$74:C75)<60,C75,MEDIAN(QUARTILE(C$74:C75,1)-1.5*(QUARTILE(C$74:C75,3)-QUARTILE(C$74:C75,1)),C75,QUARTILE(C$74:C75,3)+1.5*(QUARTILE(C$74:C75,3)-QUARTILE(C$74:C75,1))))) -> 0.61817763 | L75: =IF(D75="","",IF(COUNT(D$74:D75)<60,D75,MEDIAN(QUARTILE(D$74:D75,1)-1.5*(QUARTILE(D$74:D75,3)-QUARTILE(D$74:D75,1)),D75,QUARTILE(D$74:D75,3)+1.5*(QUARTILE(D$74:D75,3)-QUARTILE(D$74:D75,1))))) -> 0.42039626 | M75: =IF(E75="","",IF(COUNT(E$74:E75)<60,E75,MEDIAN(QUARTILE(E$74:E75,1)-1.5*(QUARTILE(E$74:E75,3)-QUARTILE(E$74:E75,1)),E75,QUARTILE(E$74:E75,3)+1.5*(QUARTILE(E$74:E75,3)-QUARTILE(E$74:E75,1))))) -> -0.32302304 | N75: =IF(F75="","",IF(COUNT(F$74:F75)<60,F75,MEDIAN(QUARTILE(F$74:F75,1)-1.5*(QUARTILE(F$74:F75,3)-QUARTILE(F$74:F75,1)),F75,QUARTILE(F$74:F75,3)+1.5*(QUARTILE(F$74:F75,3)-QUARTILE(F$74:F75,1))))) -> -0.62638274 | O75: =IF(G75="","",IF(COUNT(G$74:G75)<60,G75,MEDIAN(QUARTILE(G$74:G75,1)-1.5*(QUARTILE(G$74:G75,3)-QUARTILE(G$74:G75,1)),G75,QUARTILE(G$74:G75,3)+1.5*(QUARTILE(G$74:G75,3)-QUARTILE(G$74:G75,1))))) -> 1.1043792 | P75: =IF(H75="","",IF(COUNT(H$74:H75)<60,H75,MEDIAN(QUARTILE(H$74:H75,1)-1.5*(QUARTILE(H$74:H75,3)-QUARTILE(H$74:H75,1)),H75,QUARTILE(H$74:H75,3)+1.5*(QUARTILE(H$74:H75,3)-QUARTILE(H$74:H75,1))))) -> 0.3860933 | Q75: =IF(I75="","",IF(COUNT(I$74:I75)<60,I75,MEDIAN(QUARTILE(I$74:I75,1)-1.5*(QUARTILE(I$74:I75,3)-QUARTILE(I$74:I75,1)),I75,QUARTILE(I$74:I75,3)+1.5*(QUARTILE(I$74:I75,3)-QUARTILE(I$74:I75,1))))) -> -0.24801986 | R75: =IF(J75="","",MEDIAN(J75:Q75)) -> 0.26412626 | S75: =IF(R75="","",ABS(R75)) -> 0.26412626 | T75: =IF(COUNT(S$74:S74)<60,"",MEDIAN(S$74:S74)) | U75: =IF(R75="","",IF(T75="",0,IF(S75>=T75,R75,0))) -> 0 | V75: =IF(U75="","",MEDIAN(-1,U75,1)) -> 0 | W75: =IF(J75="","",AVERAGE(J75:Q75)) -> 0.1842225
A76: =Base!A76 -> 40268 | B76: =IF(COUNT(Transf!B$39:B76)<36,"",(Transf!B76-AVERAGE(Transf!B$39:B76))/STDEV(Transf!B$39:B76)) -> 0.095872919 | C76: =IF(COUNT(Transf!C$39:C76)<36,"",(Transf!C76-AVERAGE(Transf!C$39:C76))/STDEV(Transf!C$39:C76)) -> 0.94127035 | D76: =IF(COUNT(Transf!D$39:D76)<36,"",(Transf!D76-AVERAGE(Transf!D$39:D76))/STDEV(Transf!D$39:D76)) -> 0.63517301 | E76: =IF(COUNT(Transf!E$39:E76)<36,"",(Transf!E76-AVERAGE(Transf!E$39:E76))/STDEV(Transf!E$39:E76)) -> 0.013792284 | F76: =IF(COUNT(Transf!F$39:F76)<36,"",(Transf!F76-AVERAGE(Transf!F$39:F76))/STDEV(Transf!F$39:F76)) -> -0.39725613 | G76: =IF(COUNT(Transf!G$39:G76)<36,"",(Transf!G76-AVERAGE(Transf!G$39:G76))/STDEV(Transf!G$39:G76)) -> 0.62963729 | H76: =IF(COUNT(Transf!H$39:H76)<36,"",(Transf!H76-AVERAGE(Transf!H$39:H76))/STDEV(Transf!H$39:H76)) -> 0.52302727 | I76: =IF(COUNT(Transf!I$39:I76)<36,"",(Transf!I76-AVERAGE(Transf!I$39:I76))/STDEV(Transf!I$39:I76)) -> -0.47229098 | J76: =IF(B76="","",IF(COUNT(B$74:B76)<60,B76,MEDIAN(QUARTILE(B$74:B76,1)-1.5*(QUARTILE(B$74:B76,3)-QUARTILE(B$74:B76,1)),B76,QUARTILE(B$74:B76,3)+1.5*(QUARTILE(B$74:B76,3)-QUARTILE(B$74:B76,1))))) -> 0.095872919 | K76: =IF(C76="","",IF(COUNT(C$74:C76)<60,C76,MEDIAN(QUARTILE(C$74:C76,1)-1.5*(QUARTILE(C$74:C76,3)-QUARTILE(C$74:C76,1)),C76,QUARTILE(C$74:C76,3)+1.5*(QUARTILE(C$74:C76,3)-QUARTILE(C$74:C76,1))))) -> 0.94127035 | L76: =IF(D76="","",IF(COUNT(D$74:D76)<60,D76,MEDIAN(QUARTILE(D$74:D76,1)-1.5*(QUARTILE(D$74:D76,3)-QUARTILE(D$74:D76,1)),D76,QUARTILE(D$74:D76,3)+1.5*(QUARTILE(D$74:D76,3)-QUARTILE(D$74:D76,1))))) -> 0.63517301 | M76: =IF(E76="","",IF(COUNT(E$74:E76)<60,E76,MEDIAN(QUARTILE(E$74:E76,1)-1.5*(QUARTILE(E$74:E76,3)-QUARTILE(E$74:E76,1)),E76,QUARTILE(E$74:E76,3)+1.5*(QUARTILE(E$74:E76,3)-QUARTILE(E$74:E76,1))))) -> 0.013792284 | N76: =IF(F76="","",IF(COUNT(F$74:F76)<60,F76,MEDIAN(QUARTILE(F$74:F76,1)-1.5*(QUARTILE(F$74:F76,3)-QUARTILE(F$74:F76,1)),F76,QUARTILE(F$74:F76,3)+1.5*(QUARTILE(F$74:F76,3)-QUARTILE(F$74:F76,1))))) -> -0.39725613 | O76: =IF(G76="","",IF(COUNT(G$74:G76)<60,G76,MEDIAN(QUARTILE(G$74:G76,1)-1.5*(QUARTILE(G$74:G76,3)-QUARTILE(G$74:G76,1)),G76,QUARTILE(G$74:G76,3)+1.5*(QUARTILE(G$74:G76,3)-QUARTILE(G$74:G76,1))))) -> 0.62963729 | P76: =IF(H76="","",IF(COUNT(H$74:H76)<60,H76,MEDIAN(QUARTILE(H$74:H76,1)-1.5*(QUARTILE(H$74:H76,3)-QUARTILE(H$74:H76,1)),H76,QUARTILE(H$74:H76,3)+1.5*(QUARTILE(H$74:H76,3)-QUARTILE(H$74:H76,1))))) -> 0.52302727 | Q76: =IF(I76="","",IF(COUNT(I$74:I76)<60,I76,MEDIAN(QUARTILE(I$74:I76,1)-1.5*(QUARTILE(I$74:I76,3)-QUARTILE(I$74:I76,1)),I76,QUARTILE(I$74:I76,3)+1.5*(QUARTILE(I$74:I76,3)-QUARTILE(I$74:I76,1))))) -> -0.47229098 | R76: =IF(J76="","",MEDIAN(J76:Q76)) -> 0.3094501 | S76: =IF(R76="","",ABS(R76)) -> 0.3094501 | T76: =IF(COUNT(S$74:S75)<60,"",MEDIAN(S$74:S75)) | U76: =IF(R76="","",IF(T76="",0,IF(S76>=T76,R76,0))) -> 0 | V76: =IF(U76="","",MEDIAN(-1,U76,1)) -> 0 | W76: =IF(J76="","",AVERAGE(J76:Q76)) -> 0.24615325
A77: =Base!A77 -> 40298 | B77: =IF(COUNT(Transf!B$39:B77)<36,"",(Transf!B77-AVERAGE(Transf!B$39:B77))/STDEV(Transf!B$39:B77)) -> 0.15317993 | C77: =IF(COUNT(Transf!C$39:C77)<36,"",(Transf!C77-AVERAGE(Transf!C$39:C77))/STDEV(Transf!C$39:C77)) -> 1.4287501 | D77: =IF(COUNT(Transf!D$39:D77)<36,"",(Transf!D77-AVERAGE(Transf!D$39:D77))/STDEV(Transf!D$39:D77)) -> 0.83829666 | E77: =IF(COUNT(Transf!E$39:E77)<36,"",(Transf!E77-AVERAGE(Transf!E$39:E77))/STDEV(Transf!E$39:E77)) -> 0.25527337 | F77: =IF(COUNT(Transf!F$39:F77)<36,"",(Transf!F77-AVERAGE(Transf!F$39:F77))/STDEV(Transf!F$39:F77)) -> -0.46198469 | G77: =IF(COUNT(Transf!G$39:G77)<36,"",(Transf!G77-AVERAGE(Transf!G$39:G77))/STDEV(Transf!G$39:G77)) -> 0.26376784 | H77: =IF(COUNT(Transf!H$39:H77)<36,"",(Transf!H77-AVERAGE(Transf!H$39:H77))/STDEV(Transf!H$39:H77)) -> 0.46675848 | I77: =IF(COUNT(Transf!I$39:I77)<36,"",(Transf!I77-AVERAGE(Transf!I$39:I77))/STDEV(Transf!I$39:I77)) -> 0.55170507 | J77: =IF(B77="","",IF(COUNT(B$74:B77)<60,B77,MEDIAN(QUARTILE(B$74:B77,1)-1.5*(QUARTILE(B$74:B77,3)-QUARTILE(B$74:B77,1)),B77,QUARTILE(B$74:B77,3)+1.5*(QUARTILE(B$74:B77,3)-QUARTILE(B$74:B77,1))))) -> 0.15317993 | K77: =IF(C77="","",IF(COUNT(C$74:C77)<60,C77,MEDIAN(QUARTILE(C$74:C77,1)-1.5*(QUARTILE(C$74:C77,3)-QUARTILE(C$74:C77,1)),C77,QUARTILE(C$74:C77,3)+1.5*(QUARTILE(C$74:C77,3)-QUARTILE(C$74:C77,1))))) -> 1.4287501 | L77: =IF(D77="","",IF(COUNT(D$74:D77)<60,D77,MEDIAN(QUARTILE(D$74:D77,1)-1.5*(QUARTILE(D$74:D77,3)-QUARTILE(D$74:D77,1)),D77,QUARTILE(D$74:D77,3)+1.5*(QUARTILE(D$74:D77,3)-QUARTILE(D$74:D77,1))))) -> 0.83829666 | M77: =IF(E77="","",IF(COUNT(E$74:E77)<60,E77,MEDIAN(QUARTILE(E$74:E77,1)-1.5*(QUARTILE(E$74:E77,3)-QUARTILE(E$74:E77,1)),E77,QUARTILE(E$74:E77,3)+1.5*(QUARTILE(E$74:E77,3)-QUARTILE(E$74:E77,1))))) -> 0.25527337 | N77: =IF(F77="","",IF(COUNT(F$74:F77)<60,F77,MEDIAN(QUARTILE(F$74:F77,1)-1.5*(QUARTILE(F$74:F77,3)-QUARTILE(F$74:F77,1)),F77,QUARTILE(F$74:F77,3)+1.5*(QUARTILE(F$74:F77,3)-QUARTILE(F$74:F77,1))))) -> -0.46198469 | O77: =IF(G77="","",IF(COUNT(G$74:G77)<60,G77,MEDIAN(QUARTILE(G$74:G77,1)-1.5*(QUARTILE(G$74:G77,3)-QUARTILE(G$74:G77,1)),G77,QUARTILE(G$74:G77,3)+1.5*(QUARTILE(G$74:G77,3)-QUARTILE(G$74:G77,1))))) -> 0.26376784 | P77: =IF(H77="","",IF(COUNT(H$74:H77)<60,H77,MEDIAN(QUARTILE(H$74:H77,1)-1.5*(QUARTILE(H$74:H77,3)-QUARTILE(H$74:H77,1)),H77,QUARTILE(H$74:H77,3)+1.5*(QUARTILE(H$74:H77,3)-QUARTILE(H$74:H77,1))))) -> 0.46675848 | Q77: =IF(I77="","",IF(COUNT(I$74:I77)<60,I77,MEDIAN(QUARTILE(I$74:I77,1)-1.5*(QUARTILE(I$74:I77,3)-QUARTILE(I$74:I77,1)),I77,QUARTILE(I$74:I77,3)+1.5*(QUARTILE(I$74:I77,3)-QUARTILE(I$74:I77,1))))) -> 0.55170507 | R77: =IF(J77="","",MEDIAN(J77:Q77)) -> 0.36526316 | S77: =IF(R77="","",ABS(R77)) -> 0.36526316 | T77: =IF(COUNT(S$74:S76)<60,"",MEDIAN(S$74:S76)) | U77: =IF(R77="","",IF(T77="",0,IF(S77>=T77,R77,0))) -> 0 | V77: =IF(U77="","",MEDIAN(-1,U77,1)) -> 0 | W77: =IF(J77="","",AVERAGE(J77:Q77)) -> 0.43696835
A78: =Base!A78 -> 40329 | B78: =IF(COUNT(Transf!B$39:B78)<36,"",(Transf!B78-AVERAGE(Transf!B$39:B78))/STDEV(Transf!B$39:B78)) -> 0.49048346 | C78: =IF(COUNT(Transf!C$39:C78)<36,"",(Transf!C78-AVERAGE(Transf!C$39:C78))/STDEV(Transf!C$39:C78)) -> 2.0697309 | D78: =IF(COUNT(Transf!D$39:D78)<36,"",(Transf!D78-AVERAGE(Transf!D$39:D78))/STDEV(Transf!D$39:D78)) -> 1.3230079 | E78: =IF(COUNT(Transf!E$39:E78)<36,"",(Transf!E78-AVERAGE(Transf!E$39:E78))/STDEV(Transf!E$39:E78)) -> 0.27282152 | F78: =IF(COUNT(Transf!F$39:F78)<36,"",(Transf!F78-AVERAGE(Transf!F$39:F78))/STDEV(Transf!F$39:F78)) -> -0.36389379 | G78: =IF(COUNT(Transf!G$39:G78)<36,"",(Transf!G78-AVERAGE(Transf!G$39:G78))/STDEV(Transf!G$39:G78)) -> -0.3543603 | H78: =IF(COUNT(Transf!H$39:H78)<36,"",(Transf!H78-AVERAGE(Transf!H$39:H78))/STDEV(Transf!H$39:H78)) -> 0.39306014 | I78: =IF(COUNT(Transf!I$39:I78)<36,"",(Transf!I78-AVERAGE(Transf!I$39:I78))/STDEV(Transf!I$39:I78)) -> 0.71515232 | J78: =IF(B78="","",IF(COUNT(B$74:B78)<60,B78,MEDIAN(QUARTILE(B$74:B78,1)-1.5*(QUARTILE(B$74:B78,3)-QUARTILE(B$74:B78,1)),B78,QUARTILE(B$74:B78,3)+1.5*(QUARTILE(B$74:B78,3)-QUARTILE(B$74:B78,1))))) -> 0.49048346 | K78: =IF(C78="","",IF(COUNT(C$74:C78)<60,C78,MEDIAN(QUARTILE(C$74:C78,1)-1.5*(QUARTILE(C$74:C78,3)-QUARTILE(C$74:C78,1)),C78,QUARTILE(C$74:C78,3)+1.5*(QUARTILE(C$74:C78,3)-QUARTILE(C$74:C78,1))))) -> 2.0697309 | L78: =IF(D78="","",IF(COUNT(D$74:D78)<60,D78,MEDIAN(QUARTILE(D$74:D78,1)-1.5*(QUARTILE(D$74:D78,3)-QUARTILE(D$74:D78,1)),D78,QUARTILE(D$74:D78,3)+1.5*(QUARTILE(D$74:D78,3)-QUARTILE(D$74:D78,1))))) -> 1.3230079 | M78: =IF(E78="","",IF(COUNT(E$74:E78)<60,E78,MEDIAN(QUARTILE(E$74:E78,1)-1.5*(QUARTILE(E$74:E78,3)-QUARTILE(E$74:E78,1)),E78,QUARTILE(E$74:E78,3)+1.5*(QUARTILE(E$74:E78,3)-QUARTILE(E$74:E78,1))))) -> 0.27282152 | N78: =IF(F78="","",IF(COUNT(F$74:F78)<60,F78,MEDIAN(QUARTILE(F$74:F78,1)-1.5*(QUARTILE(F$74:F78,3)-QUARTILE(F$74:F78,1)),F78,QUARTILE(F$74:F78,3)+1.5*(QUARTILE(F$74:F78,3)-QUARTILE(F$74:F78,1))))) -> -0.36389379 | O78: =IF(G78="","",IF(COUNT(G$74:G78)<60,G78,MEDIAN(QUARTILE(G$74:G78,1)-1.5*(QUARTILE(G$74:G78,3)-QUARTILE(G$74:G78,1)),G78,QUARTILE(G$74:G78,3)+1.5*(QUARTILE(G$74:G78,3)-QUARTILE(G$74:G78,1))))) -> -0.3543603 | P78: =IF(H78="","",IF(COUNT(H$74:H78)<60,H78,MEDIAN(QUARTILE(H$74:H78,1)-1.5*(QUARTILE(H$74:H78,3)-QUARTILE(H$74:H78,1)),H78,QUARTILE(H$74:H78,3)+1.5*(QUARTILE(H$74:H78,3)-QUARTILE(H$74:H78,1))))) -> 0.39306014 | Q78: =IF(I78="","",IF(COUNT(I$74:I78)<60,I78,MEDIAN(QUARTILE(I$74:I78,1)-1.5*(QUARTILE(I$74:I78,3)-QUARTILE(I$74:I78,1)),I78,QUARTILE(I$74:I78,3)+1.5*(QUARTILE(I$74:I78,3)-QUARTILE(I$74:I78,1))))) -> 0.71515232 | R78: =IF(J78="","",MEDIAN(J78:Q78)) -> 0.4417718 | S78: =IF(R78="","",ABS(R78)) -> 0.4417718 | T78: =IF(COUNT(S$74:S77)<60,"",MEDIAN(S$74:S77)) | U78: =IF(R78="","",IF(T78="",0,IF(S78>=T78,R78,0))) -> 0 | V78: =IF(U78="","",MEDIAN(-1,U78,1)) -> 0 | W78: =IF(J78="","",AVERAGE(J78:Q78)) -> 0.56825027
A79: =Base!A79 -> 40359 | B79: =IF(COUNT(Transf!B$39:B79)<36,"",(Transf!B79-AVERAGE(Transf!B$39:B79))/STDEV(Transf!B$39:B79)) -> 0.65029673 | C79: =IF(COUNT(Transf!C$39:C79)<36,"",(Transf!C79-AVERAGE(Transf!C$39:C79))/STDEV(Transf!C$39:C79)) -> 2.2549017 | D79: =IF(COUNT(Transf!D$39:D79)<36,"",(Transf!D79-AVERAGE(Transf!D$39:D79))/STDEV(Transf!D$39:D79)) -> 1.4797173 | E79: =IF(COUNT(Transf!E$39:E79)<36,"",(Transf!E79-AVERAGE(Transf!E$39:E79))/STDEV(Transf!E$39:E79)) -> 0.30294043 | F79: =IF(COUNT(Transf!F$39:F79)<36,"",(Transf!F79-AVERAGE(Transf!F$39:F79))/STDEV(Transf!F$39:F79)) -> -0.10042702 | G79: =IF(COUNT(Transf!G$39:G79)<36,"",(Transf!G79-AVERAGE(Transf!G$39:G79))/STDEV(Transf!G$39:G79)) -> -0.79609446 | H79: =IF(COUNT(Transf!H$39:H79)<36,"",(Transf!H79-AVERAGE(Transf!H$39:H79))/STDEV(Transf!H$39:H79)) -> 0.20660033 | I79: =IF(COUNT(Transf!I$39:I79)<36,"",(Transf!I79-AVERAGE(Transf!I$39:I79))/STDEV(Transf!I$39:I79)) -> 0.73333163 | J79: =IF(B79="","",IF(COUNT(B$74:B79)<60,B79,MEDIAN(QUARTILE(B$74:B79,1)-1.5*(QUARTILE(B$74:B79,3)-QUARTILE(B$74:B79,1)),B79,QUARTILE(B$74:B79,3)+1.5*(QUARTILE(B$74:B79,3)-QUARTILE(B$74:B79,1))))) -> 0.65029673 | K79: =IF(C79="","",IF(COUNT(C$74:C79)<60,C79,MEDIAN(QUARTILE(C$74:C79,1)-1.5*(QUARTILE(C$74:C79,3)-QUARTILE(C$74:C79,1)),C79,QUARTILE(C$74:C79,3)+1.5*(QUARTILE(C$74:C79,3)-QUARTILE(C$74:C79,1))))) -> 2.2549017 | L79: =IF(D79="","",IF(COUNT(D$74:D79)<60,D79,MEDIAN(QUARTILE(D$74:D79,1)-1.5*(QUARTILE(D$74:D79,3)-QUARTILE(D$74:D79,1)),D79,QUARTILE(D$74:D79,3)+1.5*(QUARTILE(D$74:D79,3)-QUARTILE(D$74:D79,1))))) -> 1.4797173 | M79: =IF(E79="","",IF(COUNT(E$74:E79)<60,E79,MEDIAN(QUARTILE(E$74:E79,1)-1.5*(QUARTILE(E$74:E79,3)-QUARTILE(E$74:E79,1)),E79,QUARTILE(E$74:E79,3)+1.5*(QUARTILE(E$74:E79,3)-QUARTILE(E$74:E79,1))))) -> 0.30294043 | N79: =IF(F79="","",IF(COUNT(F$74:F79)<60,F79,MEDIAN(QUARTILE(F$74:F79,1)-1.5*(QUARTILE(F$74:F79,3)-QUARTILE(F$74:F79,1)),F79,QUARTILE(F$74:F79,3)+1.5*(QUARTILE(F$74:F79,3)-QUARTILE(F$74:F79,1))))) -> -0.10042702 | O79: =IF(G79="","",IF(COUNT(G$74:G79)<60,G79,MEDIAN(QUARTILE(G$74:G79,1)-1.5*(QUARTILE(G$74:G79,3)-QUARTILE(G$74:G79,1)),G79,QUARTILE(G$74:G79,3)+1.5*(QUARTILE(G$74:G79,3)-QUARTILE(G$74:G79,1))))) -> -0.79609446 | P79: =IF(H79="","",IF(COUNT(H$74:H79)<60,H79,MEDIAN(QUARTILE(H$74:H79,1)-1.5*(QUARTILE(H$74:H79,3)-QUARTILE(H$74:H79,1)),H79,QUARTILE(H$74:H79,3)+1.5*(QUARTILE(H$74:H79,3)-QUARTILE(H$74:H79,1))))) -> 0.20660033 | Q79: =IF(I79="","",IF(COUNT(I$74:I79)<60,I79,MEDIAN(QUARTILE(I$74:I79,1)-1.5*(QUARTILE(I$74:I79,3)-QUARTILE(I$74:I79,1)),I79,QUARTILE(I$74:I79,3)+1.5*(QUARTILE(I$74:I79,3)-QUARTILE(I$74:I79,1))))) -> 0.73333163 | R79: =IF(J79="","",MEDIAN(J79:Q79)) -> 0.47661858 | S79: =IF(R79="","",ABS(R79)) -> 0.47661858 | T79: =IF(COUNT(S$74:S78)<60,"",MEDIAN(S$74:S78)) | U79: =IF(R79="","",IF(T79="",0,IF(S79>=T79,R79,0))) -> 0 | V79: =IF(U79="","",MEDIAN(-1,U79,1)) -> 0 | W79: =IF(J79="","",AVERAGE(J79:Q79)) -> 0.59140834
A80: =Base!A80 -> 40390 | B80: =IF(COUNT(Transf!B$39:B80)<36,"",(Transf!B80-AVERAGE(Transf!B$39:B80))/STDEV(Transf!B$39:B80)) -> 0.61818762 | C80: =IF(COUNT(Transf!C$39:C80)<36,"",(Transf!C80-AVERAGE(Transf!C$39:C80))/STDEV(Transf!C$39:C80)) -> 1.9130825 | D80: =IF(COUNT(Transf!D$39:D80)<36,"",(Transf!D80-AVERAGE(Transf!D$39:D80))/STDEV(Transf!D$39:D80)) -> 1.4626672 | E80: =IF(COUNT(Transf!E$39:E80)<36,"",(Transf!E80-AVERAGE(Transf!E$39:E80))/STDEV(Transf!E$39:E80)) -> 0.39573701 | F80: =IF(COUNT(Transf!F$39:F80)<36,"",(Transf!F80-AVERAGE(Transf!F$39:F80))/STDEV(Transf!F$39:F80)) -> 0.097164576 | G80: =IF(COUNT(Transf!G$39:G80)<36,"",(Transf!G80-AVERAGE(Transf!G$39:G80))/STDEV(Transf!G$39:G80)) -> -1.2183716 | H80: =IF(COUNT(Transf!H$39:H80)<36,"",(Transf!H80-AVERAGE(Transf!H$39:H80))/STDEV(Transf!H$39:H80)) -> -0.0084980961 | I80: =IF(COUNT(Transf!I$39:I80)<36,"",(Transf!I80-AVERAGE(Transf!I$39:I80))/STDEV(Transf!I$39:I80)) -> -0.076315586 | J80: =IF(B80="","",IF(COUNT(B$74:B80)<60,B80,MEDIAN(QUARTILE(B$74:B80,1)-1.5*(QUARTILE(B$74:B80,3)-QUARTILE(B$74:B80,1)),B80,QUARTILE(B$74:B80,3)+1.5*(QUARTILE(B$74:B80,3)-QUARTILE(B$74:B80,1))))) -> 0.61818762 | K80: =IF(C80="","",IF(COUNT(C$74:C80)<60,C80,MEDIAN(QUARTILE(C$74:C80,1)-1.5*(QUARTILE(C$74:C80,3)-QUARTILE(C$74:C80,1)),C80,QUARTILE(C$74:C80,3)+1.5*(QUARTILE(C$74:C80,3)-QUARTILE(C$74:C80,1))))) -> 1.9130825 | L80: =IF(D80="","",IF(COUNT(D$74:D80)<60,D80,MEDIAN(QUARTILE(D$74:D80,1)-1.5*(QUARTILE(D$74:D80,3)-QUARTILE(D$74:D80,1)),D80,QUARTILE(D$74:D80,3)+1.5*(QUARTILE(D$74:D80,3)-QUARTILE(D$74:D80,1))))) -> 1.4626672 | M80: =IF(E80="","",IF(COUNT(E$74:E80)<60,E80,MEDIAN(QUARTILE(E$74:E80,1)-1.5*(QUARTILE(E$74:E80,3)-QUARTILE(E$74:E80,1)),E80,QUARTILE(E$74:E80,3)+1.5*(QUARTILE(E$74:E80,3)-QUARTILE(E$74:E80,1))))) -> 0.39573701 | N80: =IF(F80="","",IF(COUNT(F$74:F80)<60,F80,MEDIAN(QUARTILE(F$74:F80,1)-1.5*(QUARTILE(F$74:F80,3)-QUARTILE(F$74:F80,1)),F80,QUARTILE(F$74:F80,3)+1.5*(QUARTILE(F$74:F80,3)-QUARTILE(F$74:F80,1))))) -> 0.097164576 | O80: =IF(G80="","",IF(COUNT(G$74:G80)<60,G80,MEDIAN(QUARTILE(G$74:G80,1)-1.5*(QUARTILE(G$74:G80,3)-QUARTILE(G$74:G80,1)),G80,QUARTILE(G$74:G80,3)+1.5*(QUARTILE(G$74:G80,3)-QUARTILE(G$74:G80,1))))) -> -1.2183716 | P80: =IF(H80="","",IF(COUNT(H$74:H80)<60,H80,MEDIAN(QUARTILE(H$74:H80,1)-1.5*(QUARTILE(H$74:H80,3)-QUARTILE(H$74:H80,1)),H80,QUARTILE(H$74:H80,3)+1.5*(QUARTILE(H$74:H80,3)-QUARTILE(H$74:H80,1))))) -> -0.0084980961 | Q80: =IF(I80="","",IF(COUNT(I$74:I80)<60,I80,MEDIAN(QUARTILE(I$74:I80,1)-1.5*(QUARTILE(I$74:I80,3)-QUARTILE(I$74:I80,1)),I80,QUARTILE(I$74:I80,3)+1.5*(QUARTILE(I$74:I80,3)-QUARTILE(I$74:I80,1))))) -> -0.076315586 | R80: =IF(J80="","",MEDIAN(J80:Q80)) -> 0.24645079 | S80: =IF(R80="","",ABS(R80)) -> 0.24645079 | T80: =IF(COUNT(S$74:S79)<60,"",MEDIAN(S$74:S79)) | U80: =IF(R80="","",IF(T80="",0,IF(S80>=T80,R80,0))) -> 0 | V80: =IF(U80="","",MEDIAN(-1,U80,1)) -> 0 | W80: =IF(J80="","",AVERAGE(J80:Q80)) -> 0.3979567
A81: =Base!A81 -> 40421 | B81: =IF(COUNT(Transf!B$39:B81)<36,"",(Transf!B81-AVERAGE(Transf!B$39:B81))/STDEV(Transf!B$39:B81)) -> 0.9064662 | C81: =IF(COUNT(Transf!C$39:C81)<36,"",(Transf!C81-AVERAGE(Transf!C$39:C81))/STDEV(Transf!C$39:C81)) -> 1.4639292 | D81: =IF(COUNT(Transf!D$39:D81)<36,"",(Transf!D81-AVERAGE(Transf!D$39:D81))/STDEV(Transf!D$39:D81)) -> 1.2431972 | E81: =IF(COUNT(Transf!E$39:E81)<36,"",(Transf!E81-AVERAGE(Transf!E$39:E81))/STDEV(Transf!E$39:E81)) -> 0.38496056 | F81: =IF(COUNT(Transf!F$39:F81)<36,"",(Transf!F81-AVERAGE(Transf!F$39:F81))/STDEV(Transf!F$39:F81)) -> 1.2599404 | G81: =IF(COUNT(Transf!G$39:G81)<36,"",(Transf!G81-AVERAGE(Transf!G$39:G81))/STDEV(Transf!G$39:G81)) -> -1.251393 | H81: =IF(COUNT(Transf!H$39:H81)<36,"",(Transf!H81-AVERAGE(Transf!H$39:H81))/STDEV(Transf!H$39:H81)) -> -0.22214889 | I81: =IF(COUNT(Transf!I$39:I81)<36,"",(Transf!I81-AVERAGE(Transf!I$39:I81))/STDEV(Transf!I$39:I81)) -> 0.19708213 | J81: =IF(B81="","",IF(COUNT(B$74:B81)<60,B81,MEDIAN(QUARTILE(B$74:B81,1)-1.5*(QUARTILE(B$74:B81,3)-QUARTILE(B$74:B81,1)),B81,QUARTILE(B$74:B81,3)+1.5*(QUARTILE(B$74:B81,3)-QUARTILE(B$74:B81,1))))) -> 0.9064662 | K81: =IF(C81="","",IF(COUNT(C$74:C81)<60,C81,MEDIAN(QUARTILE(C$74:C81,1)-1.5*(QUARTILE(C$74:C81,3)-QUARTILE(C$74:C81,1)),C81,QUARTILE(C$74:C81,3)+1.5*(QUARTILE(C$74:C81,3)-QUARTILE(C$74:C81,1))))) -> 1.4639292 | L81: =IF(D81="","",IF(COUNT(D$74:D81)<60,D81,MEDIAN(QUARTILE(D$74:D81,1)-1.5*(QUARTILE(D$74:D81,3)-QUARTILE(D$74:D81,1)),D81,QUARTILE(D$74:D81,3)+1.5*(QUARTILE(D$74:D81,3)-QUARTILE(D$74:D81,1))))) -> 1.2431972 | M81: =IF(E81="","",IF(COUNT(E$74:E81)<60,E81,MEDIAN(QUARTILE(E$74:E81,1)-1.5*(QUARTILE(E$74:E81,3)-QUARTILE(E$74:E81,1)),E81,QUARTILE(E$74:E81,3)+1.5*(QUARTILE(E$74:E81,3)-QUARTILE(E$74:E81,1))))) -> 0.38496056 | N81: =IF(F81="","",IF(COUNT(F$74:F81)<60,F81,MEDIAN(QUARTILE(F$74:F81,1)-1.5*(QUARTILE(F$74:F81,3)-QUARTILE(F$74:F81,1)),F81,QUARTILE(F$74:F81,3)+1.5*(QUARTILE(F$74:F81,3)-QUARTILE(F$74:F81,1))))) -> 1.2599404 | O81: =IF(G81="","",IF(COUNT(G$74:G81)<60,G81,MEDIAN(QUARTILE(G$74:G81,1)-1.5*(QUARTILE(G$74:G81,3)-QUARTILE(G$74:G81,1)),G81,QUARTILE(G$74:G81,3)+1.5*(QUARTILE(G$74:G81,3)-QUARTILE(G$74:G81,1))))) -> -1.251393 | P81: =IF(H81="","",IF(COUNT(H$74:H81)<60,H81,MEDIAN(QUARTILE(H$74:H81,1)-1.5*(QUARTILE(H$74:H81,3)-QUARTILE(H$74:H81,1)),H81,QUARTILE(H$74:H81,3)+1.5*(QUARTILE(H$74:H81,3)-QUARTILE(H$74:H81,1))))) -> -0.22214889 | Q81: =IF(I81="","",IF(COUNT(I$74:I81)<60,I81,MEDIAN(QUARTILE(I$74:I81,1)-1.5*(QUARTILE(I$74:I81,3)-QUARTILE(I$74:I81,1)),I81,QUARTILE(I$74:I81,3)+1.5*(QUARTILE(I$74:I81,3)-QUARTILE(I$74:I81,1))))) -> 0.19708213 | R81: =IF(J81="","",MEDIAN(J81:Q81)) -> 0.64571338 | S81: =IF(R81="","",ABS(R81)) -> 0.64571338 | T81: =IF(COUNT(S$74:S80)<60,"",MEDIAN(S$74:S80)) | U81: =IF(R81="","",IF(T81="",0,IF(S81>=T81,R81,0))) -> 0 | V81: =IF(U81="","",MEDIAN(-1,U81,1)) -> 0 | W81: =IF(J81="","",AVERAGE(J81:Q81)) -> 0.49775423
A82: =Base!A82 -> 40451 | B82: =IF(COUNT(Transf!B$39:B82)<36,"",(Transf!B82-AVERAGE(Transf!B$39:B82))/STDEV(Transf!B$39:B82)) -> 1.1385419 | C82: =IF(COUNT(Transf!C$39:C82)<36,"",(Transf!C82-AVERAGE(Transf!C$39:C82))/STDEV(Transf!C$39:C82)) -> 1.0750912 | D82: =IF(COUNT(Transf!D$39:D82)<36,"",(Transf!D82-AVERAGE(Transf!D$39:D82))/STDEV(Transf!D$39:D82)) -> 1.0878169 | E82: =IF(COUNT(Transf!E$39:E82)<36,"",(Transf!E82-AVERAGE(Transf!E$39:E82))/STDEV(Transf!E$39:E82)) -> 0.34429953 | F82: =IF(COUNT(Transf!F$39:F82)<36,"",(Transf!F82-AVERAGE(Transf!F$39:F82))/STDEV(Transf!F$39:F82)) -> 1.0714273 | G82: =IF(COUNT(Transf!G$39:G82)<36,"",(Transf!G82-AVERAGE(Transf!G$39:G82))/STDEV(Transf!G$39:G82)) -> -1.1803249 | H82: =IF(COUNT(Transf!H$39:H82)<36,"",(Transf!H82-AVERAGE(Transf!H$39:H82))/STDEV(Transf!H$39:H82)) -> -0.28843834 | I82: =IF(COUNT(Transf!I$39:I82)<36,"",(Transf!I82-AVERAGE(Transf!I$39:I82))/STDEV(Transf!I$39:I82)) -> 1.116854 | J82: =IF(B82="","",IF(COUNT(B$74:B82)<60,B82,MEDIAN(QUARTILE(B$74:B82,1)-1.5*(QUARTILE(B$74:B82,3)-QUARTILE(B$74:B82,1)),B82,QUARTILE(B$74:B82,3)+1.5*(QUARTILE(B$74:B82,3)-QUARTILE(B$74:B82,1))))) -> 1.1385419 | K82: =IF(C82="","",IF(COUNT(C$74:C82)<60,C82,MEDIAN(QUARTILE(C$74:C82,1)-1.5*(QUARTILE(C$74:C82,3)-QUARTILE(C$74:C82,1)),C82,QUARTILE(C$74:C82,3)+1.5*(QUARTILE(C$74:C82,3)-QUARTILE(C$74:C82,1))))) -> 1.0750912 | L82: =IF(D82="","",IF(COUNT(D$74:D82)<60,D82,MEDIAN(QUARTILE(D$74:D82,1)-1.5*(QUARTILE(D$74:D82,3)-QUARTILE(D$74:D82,1)),D82,QUARTILE(D$74:D82,3)+1.5*(QUARTILE(D$74:D82,3)-QUARTILE(D$74:D82,1))))) -> 1.0878169 | M82: =IF(E82="","",IF(COUNT(E$74:E82)<60,E82,MEDIAN(QUARTILE(E$74:E82,1)-1.5*(QUARTILE(E$74:E82,3)-QUARTILE(E$74:E82,1)),E82,QUARTILE(E$74:E82,3)+1.5*(QUARTILE(E$74:E82,3)-QUARTILE(E$74:E82,1))))) -> 0.34429953 | N82: =IF(F82="","",IF(COUNT(F$74:F82)<60,F82,MEDIAN(QUARTILE(F$74:F82,1)-1.5*(QUARTILE(F$74:F82,3)-QUARTILE(F$74:F82,1)),F82,QUARTILE(F$74:F82,3)+1.5*(QUARTILE(F$74:F82,3)-QUARTILE(F$74:F82,1))))) -> 1.0714273 | O82: =IF(G82="","",IF(COUNT(G$74:G82)<60,G82,MEDIAN(QUARTILE(G$74:G82,1)-1.5*(QUARTILE(G$74:G82,3)-QUARTILE(G$74:G82,1)),G82,QUARTILE(G$74:G82,3)+1.5*(QUARTILE(G$74:G82,3)-QUARTILE(G$74:G82,1))))) -> -1.1803249 | P82: =IF(H82="","",IF(COUNT(H$74:H82)<60,H82,MEDIAN(QUARTILE(H$74:H82,1)-1.5*(QUARTILE(H$74:H82,3)-QUARTILE(H$74:H82,1)),H82,QUARTILE(H$74:H82,3)+1.5*(QUARTILE(H$74:H82,3)-QUARTILE(H$74:H82,1))))) -> -0.28843834 | Q82: =IF(I82="","",IF(COUNT(I$74:I82)<60,I82,MEDIAN(QUARTILE(I$74:I82,1)-1.5*(QUARTILE(I$74:I82,3)-QUARTILE(I$74:I82,1)),I82,QUARTILE(I$74:I82,3)+1.5*(QUARTILE(I$74:I82,3)-QUARTILE(I$74:I82,1))))) -> 1.116854 | R82: =IF(J82="","",MEDIAN(J82:Q82)) -> 1.0732592 | S82: =IF(R82="","",ABS(R82)) -> 1.0732592 | T82: =IF(COUNT(S$74:S81)<60,"",MEDIAN(S$74:S81)) | U82: =IF(R82="","",IF(T82="",0,IF(S82>=T82,R82,0))) -> 0 | V82: =IF(U82="","",MEDIAN(-1,U82,1)) -> 0 | W82: =IF(J82="","",AVERAGE(J82:Q82)) -> 0.54565844
A83: =Base!A83 -> 40482 | B83: =IF(COUNT(Transf!B$39:B83)<36,"",(Transf!B83-AVERAGE(Transf!B$39:B83))/STDEV(Transf!B$39:B83)) -> 1.1242514 | C83: =IF(COUNT(Transf!C$39:C83)<36,"",(Transf!C83-AVERAGE(Transf!C$39:C83))/STDEV(Transf!C$39:C83)) -> 0.90118918 | D83: =IF(COUNT(Transf!D$39:D83)<36,"",(Transf!D83-AVERAGE(Transf!D$39:D83))/STDEV(Transf!D$39:D83)) -> 0.89238465 | E83: =IF(COUNT(Transf!E$39:E83)<36,"",(Transf!E83-AVERAGE(Transf!E$39:E83))/STDEV(Transf!E$39:E83)) -> 0.37657886 | F83: =IF(COUNT(Transf!F$39:F83)<36,"",(Transf!F83-AVERAGE(Transf!F$39:F83))/STDEV(Transf!F$39:F83)) -> 0.7370018 | G83: =IF(COUNT(Transf!G$39:G83)<36,"",(Transf!G83-AVERAGE(Transf!G$39:G83))/STDEV(Transf!G$39:G83)) -> -1.1257069 | H83: =IF(COUNT(Transf!H$39:H83)<36,"",(Transf!H83-AVERAGE(Transf!H$39:H83))/STDEV(Transf!H$39:H83)) -> -0.54349553 | I83: =IF(COUNT(Transf!I$39:I83)<36,"",(Transf!I83-AVERAGE(Transf!I$39:I83))/STDEV(Transf!I$39:I83)) -> 1.5784947 | J83: =IF(B83="","",IF(COUNT(B$74:B83)<60,B83,MEDIAN(QUARTILE(B$74:B83,1)-1.5*(QUARTILE(B$74:B83,3)-QUARTILE(B$74:B83,1)),B83,QUARTILE(B$74:B83,3)+1.5*(QUARTILE(B$74:B83,3)-QUARTILE(B$74:B83,1))))) -> 1.1242514 | K83: =IF(C83="","",IF(COUNT(C$74:C83)<60,C83,MEDIAN(QUARTILE(C$74:C83,1)-1.5*(QUARTILE(C$74:C83,3)-QUARTILE(C$74:C83,1)),C83,QUARTILE(C$74:C83,3)+1.5*(QUARTILE(C$74:C83,3)-QUARTILE(C$74:C83,1))))) -> 0.90118918 | L83: =IF(D83="","",IF(COUNT(D$74:D83)<60,D83,MEDIAN(QUARTILE(D$74:D83,1)-1.5*(QUARTILE(D$74:D83,3)-QUARTILE(D$74:D83,1)),D83,QUARTILE(D$74:D83,3)+1.5*(QUARTILE(D$74:D83,3)-QUARTILE(D$74:D83,1))))) -> 0.89238465 | M83: =IF(E83="","",IF(COUNT(E$74:E83)<60,E83,MEDIAN(QUARTILE(E$74:E83,1)-1.5*(QUARTILE(E$74:E83,3)-QUARTILE(E$74:E83,1)),E83,QUARTILE(E$74:E83,3)+1.5*(QUARTILE(E$74:E83,3)-QUARTILE(E$74:E83,1))))) -> 0.37657886 | N83: =IF(F83="","",IF(COUNT(F$74:F83)<60,F83,MEDIAN(QUARTILE(F$74:F83,1)-1.5*(QUARTILE(F$74:F83,3)-QUARTILE(F$74:F83,1)),F83,QUARTILE(F$74:F83,3)+1.5*(QUARTILE(F$74:F83,3)-QUARTILE(F$74:F83,1))))) -> 0.7370018 | O83: =IF(G83="","",IF(COUNT(G$74:G83)<60,G83,MEDIAN(QUARTILE(G$74:G83,1)-1.5*(QUARTILE(G$74:G83,3)-QUARTILE(G$74:G83,1)),G83,QUARTILE(G$74:G83,3)+1.5*(QUARTILE(G$74:G83,3)-QUARTILE(G$74:G83,1))))) -> -1.1257069 | P83: =IF(H83="","",IF(COUNT(H$74:H83)<60,H83,MEDIAN(QUARTILE(H$74:H83,1)-1.5*(QUARTILE(H$74:H83,3)-QUARTILE(H$74:H83,1)),H83,QUARTILE(H$74:H83,3)+1.5*(QUARTILE(H$74:H83,3)-QUARTILE(H$74:H83,1))))) -> -0.54349553 | Q83: =IF(I83="","",IF(COUNT(I$74:I83)<60,I83,MEDIAN(QUARTILE(I$74:I83,1)-1.5*(QUARTILE(I$74:I83,3)-QUARTILE(I$74:I83,1)),I83,QUARTILE(I$74:I83,3)+1.5*(QUARTILE(I$74:I83,3)-QUARTILE(I$74:I83,1))))) -> 1.5784947 | R83: =IF(J83="","",MEDIAN(J83:Q83)) -> 0.81469322 | S83: =IF(R83="","",ABS(R83)) -> 0.81469322 | T83: =IF(COUNT(S$74:S82)<60,"",MEDIAN(S$74:S82)) | U83: =IF(R83="","",IF(T83="",0,IF(S83>=T83,R83,0))) -> 0 | V83: =IF(U83="","",MEDIAN(-1,U83,1)) -> 0 | W83: =IF(J83="","",AVERAGE(J83:Q83)) -> 0.49258727
A84: =Base!A84 -> 40512 | B84: =IF(COUNT(Transf!B$39:B84)<36,"",(Transf!B84-AVERAGE(Transf!B$39:B84))/STDEV(Transf!B$39:B84)) -> 0.7499404 | C84: =IF(COUNT(Transf!C$39:C84)<36,"",(Transf!C84-AVERAGE(Transf!C$39:C84))/STDEV(Transf!C$39:C84)) -> 0.83737533 | D84: =IF(COUNT(Transf!D$39:D84)<36,"",(Transf!D84-AVERAGE(Transf!D$39:D84))/STDEV(Transf!D$39:D84)) -> 0.69715422 | E84: =IF(COUNT(Transf!E$39:E84)<36,"",(Transf!E84-AVERAGE(Transf!E$39:E84))/STDEV(Transf!E$39:E84)) -> 0.51828601 | F84: =IF(COUNT(Transf!F$39:F84)<36,"",(Transf!F84-AVERAGE(Transf!F$39:F84))/STDEV(Transf!F$39:F84)) -> -0.34573191 | G84: =IF(COUNT(Transf!G$39:G84)<36,"",(Transf!G84-AVERAGE(Transf!G$39:G84))/STDEV(Transf!G$39:G84)) -> -1.1585731 | H84: =IF(COUNT(Transf!H$39:H84)<36,"",(Transf!H84-AVERAGE(Transf!H$39:H84))/STDEV(Transf!H$39:H84)) -> -0.54935508 | I84: =IF(COUNT(Transf!I$39:I84)<36,"",(Transf!I84-AVERAGE(Transf!I$39:I84))/STDEV(Transf!I$39:I84)) -> 1.454908 | J84: =IF(B84="","",IF(COUNT(B$74:B84)<60,B84,MEDIAN(QUARTILE(B$74:B84,1)-1.5*(QUARTILE(B$74:B84,3)-QUARTILE(B$74:B84,1)),B84,QUARTILE(B$74:B84,3)+1.5*(QUARTILE(B$74:B84,3)-QUARTILE(B$74:B84,1))))) -> 0.7499404 | K84: =IF(C84="","",IF(COUNT(C$74:C84)<60,C84,MEDIAN(QUARTILE(C$74:C84,1)-1.5*(QUARTILE(C$74:C84,3)-QUARTILE(C$74:C84,1)),C84,QUARTILE(C$74:C84,3)+1.5*(QUARTILE(C$74:C84,3)-QUARTILE(C$74:C84,1))))) -> 0.83737533 | L84: =IF(D84="","",IF(COUNT(D$74:D84)<60,D84,MEDIAN(QUARTILE(D$74:D84,1)-1.5*(QUARTILE(D$74:D84,3)-QUARTILE(D$74:D84,1)),D84,QUARTILE(D$74:D84,3)+1.5*(QUARTILE(D$74:D84,3)-QUARTILE(D$74:D84,1))))) -> 0.69715422 | M84: =IF(E84="","",IF(COUNT(E$74:E84)<60,E84,MEDIAN(QUARTILE(E$74:E84,1)-1.5*(QUARTILE(E$74:E84,3)-QUARTILE(E$74:E84,1)),E84,QUARTILE(E$74:E84,3)+1.5*(QUARTILE(E$74:E84,3)-QUARTILE(E$74:E84,1))))) -> 0.51828601 | N84: =IF(F84="","",IF(COUNT(F$74:F84)<60,F84,MEDIAN(QUARTILE(F$74:F84,1)-1.5*(QUARTILE(F$74:F84,3)-QUARTILE(F$74:F84,1)),F84,QUARTILE(F$74:F84,3)+1.5*(QUARTILE(F$74:F84,3)-QUARTILE(F$74:F84,1))))) -> -0.34573191 | O84: =IF(G84="","",IF(COUNT(G$74:G84)<60,G84,MEDIAN(QUARTILE(G$74:G84,1)-1.5*(QUARTILE(G$74:G84,3)-QUARTILE(G$74:G84,1)),G84,QUARTILE(G$74:G84,3)+1.5*(QUARTILE(G$74:G84,3)-QUARTILE(G$74:G84,1))))) -> -1.1585731 | P84: =IF(H84="","",IF(COUNT(H$74:H84)<60,H84,MEDIAN(QUARTILE(H$74:H84,1)-1.5*(QUARTILE(H$74:H84,3)-QUARTILE(H$74:H84,1)),H84,QUARTILE(H$74:H84,3)+1.5*(QUARTILE(H$74:H84,3)-QUARTILE(H$74:H84,1))))) -> -0.54935508 | Q84: =IF(I84="","",IF(COUNT(I$74:I84)<60,I84,MEDIAN(QUARTILE(I$74:I84,1)-1.5*(QUARTILE(I$74:I84,3)-QUARTILE(I$74:I84,1)),I84,QUARTILE(I$74:I84,3)+1.5*(QUARTILE(I$74:I84,3)-QUARTILE(I$74:I84,1))))) -> 1.454908 | R84: =IF(J84="","",MEDIAN(J84:Q84)) -> 0.60772012 | S84: =IF(R84="","",ABS(R84)) -> 0.60772012 | T84: =IF(COUNT(S$74:S83)<60,"",MEDIAN(S$74:S83)) | U84: =IF(R84="","",IF(T84="",0,IF(S84>=T84,R84,0))) -> 0 | V84: =IF(U84="","",MEDIAN(-1,U84,1)) -> 0 | W84: =IF(J84="","",AVERAGE(J84:Q84)) -> 0.27550049
A85: =Base!A85 -> 40543 | B85: =IF(COUNT(Transf!B$39:B85)<36,"",(Transf!B85-AVERAGE(Transf!B$39:B85))/STDEV(Transf!B$39:B85)) -> 0.36869557 | C85: =IF(COUNT(Transf!C$39:C85)<36,"",(Transf!C85-AVERAGE(Transf!C$39:C85))/STDEV(Transf!C$39:C85)) -> 0.88399623 | D85: =IF(COUNT(Transf!D$39:D85)<36,"",(Transf!D85-AVERAGE(Transf!D$39:D85))/STDEV(Transf!D$39:D85)) -> 0.5169943 | E85: =IF(COUNT(Transf!E$39:E85)<36,"",(Transf!E85-AVERAGE(Transf!E$39:E85))/STDEV(Transf!E$39:E85)) -> 0.54625523 | F85: =IF(COUNT(Transf!F$39:F85)<36,"",(Transf!F85-AVERAGE(Transf!F$39:F85))/STDEV(Transf!F$39:F85)) -> -1.3547064 | G85: =IF(COUNT(Transf!G$39:G85)<36,"",(Transf!G85-AVERAGE(Transf!G$39:G85))/STDEV(Transf!G$39:G85)) -> -1.0736545 | H85: =IF(COUNT(Transf!H$39:H85)<36,"",(Transf!H85-AVERAGE(Transf!H$39:H85))/STDEV(Transf!H$39:H85)) -> -0.42469151 | I85: =IF(COUNT(Transf!I$39:I85)<36,"",(Transf!I85-AVERAGE(Transf!I$39:I85))/STDEV(Transf!I$39:I85)) -> 0.86006463 | J85: =IF(B85="","",IF(COUNT(B$74:B85)<60,B85,MEDIAN(QUARTILE(B$74:B85,1)-1.5*(QUARTILE(B$74:B85,3)-QUARTILE(B$74:B85,1)),B85,QUARTILE(B$74:B85,3)+1.5*(QUARTILE(B$74:B85,3)-QUARTILE(B$74:B85,1))))) -> 0.36869557 | K85: =IF(C85="","",IF(COUNT(C$74:C85)<60,C85,MEDIAN(QUARTILE(C$74:C85,1)-1.5*(QUARTILE(C$74:C85,3)-QUARTILE(C$74:C85,1)),C85,QUARTILE(C$74:C85,3)+1.5*(QUARTILE(C$74:C85,3)-QUARTILE(C$74:C85,1))))) -> 0.88399623 | L85: =IF(D85="","",IF(COUNT(D$74:D85)<60,D85,MEDIAN(QUARTILE(D$74:D85,1)-1.5*(QUARTILE(D$74:D85,3)-QUARTILE(D$74:D85,1)),D85,QUARTILE(D$74:D85,3)+1.5*(QUARTILE(D$74:D85,3)-QUARTILE(D$74:D85,1))))) -> 0.5169943 | M85: =IF(E85="","",IF(COUNT(E$74:E85)<60,E85,MEDIAN(QUARTILE(E$74:E85,1)-1.5*(QUARTILE(E$74:E85,3)-QUARTILE(E$74:E85,1)),E85,QUARTILE(E$74:E85,3)+1.5*(QUARTILE(E$74:E85,3)-QUARTILE(E$74:E85,1))))) -> 0.54625523 | N85: =IF(F85="","",IF(COUNT(F$74:F85)<60,F85,MEDIAN(QUARTILE(F$74:F85,1)-1.5*(QUARTILE(F$74:F85,3)-QUARTILE(F$74:F85,1)),F85,QUARTILE(F$74:F85,3)+1.5*(QUARTILE(F$74:F85,3)-QUARTILE(F$74:F85,1))))) -> -1.3547064 | O85: =IF(G85="","",IF(COUNT(G$74:G85)<60,G85,MEDIAN(QUARTILE(G$74:G85,1)-1.5*(QUARTILE(G$74:G85,3)-QUARTILE(G$74:G85,1)),G85,QUARTILE(G$74:G85,3)+1.5*(QUARTILE(G$74:G85,3)-QUARTILE(G$74:G85,1))))) -> -1.0736545 | P85: =IF(H85="","",IF(COUNT(H$74:H85)<60,H85,MEDIAN(QUARTILE(H$74:H85,1)-1.5*(QUARTILE(H$74:H85,3)-QUARTILE(H$74:H85,1)),H85,QUARTILE(H$74:H85,3)+1.5*(QUARTILE(H$74:H85,3)-QUARTILE(H$74:H85,1))))) -> -0.42469151 | Q85: =IF(I85="","",IF(COUNT(I$74:I85)<60,I85,MEDIAN(QUARTILE(I$74:I85,1)-1.5*(QUARTILE(I$74:I85,3)-QUARTILE(I$74:I85,1)),I85,QUARTILE(I$74:I85,3)+1.5*(QUARTILE(I$74:I85,3)-QUARTILE(I$74:I85,1))))) -> 0.86006463 | R85: =IF(J85="","",MEDIAN(J85:Q85)) -> 0.44284494 | S85: =IF(R85="","",ABS(R85)) -> 0.44284494 | T85: =IF(COUNT(S$74:S84)<60,"",MEDIAN(S$74:S84)) | U85: =IF(R85="","",IF(T85="",0,IF(S85>=T85,R85,0))) -> 0 | V85: =IF(U85="","",MEDIAN(-1,U85,1)) -> 0 | W85: =IF(J85="","",AVERAGE(J85:Q85)) -> 0.040369189
... A273: =Base!A273 -> 46265 | B273: =IF(COUNT(Transf!B$39:B273)<36,"",(Transf!B273-AVERAGE(Transf!B$39:B273))/STDEV(Transf!B$39:B273)) -> 0.56977372 | C273: =IF(COUNT(Transf!C$39:C273)<36,"",(Transf!C273-AVERAGE(Transf!C$39:C273))/STDEV(Transf!C$39:C273)) -> 0.13972043 | D273: =IF(COUNT(Transf!D$39:D273)<36,"",(Transf!D273-AVERAGE(Transf!D$39:D273))/STDEV(Transf!D$39:D273)) -> -0.16227967 | E273: =IF(COUNT(Transf!E$39:E273)<36,"",(Transf!E273-AVERAGE(Transf!E$39:E273))/STDEV(Transf!E$39:E273)) -> -1.0236723 | F273: =IF(COUNT(Transf!F$39:F273)<36,"",(Transf!F273-AVERAGE(Transf!F$39:F273))/STDEV(Transf!F$39:F273)) -> 2.3107776 | G273: =IF(COUNT(Transf!G$39:G273)<36,"",(Transf!G273-AVERAGE(Transf!G$39:G273))/STDEV(Transf!G$39:G273)) -> -0.42140537 | H273: =IF(COUNT(Transf!H$39:H273)<36,"",(Transf!H273-AVERAGE(Transf!H$39:H273))/STDEV(Transf!H$39:H273)) -> 0.4146869 | I273: =IF(COUNT(Transf!I$39:I273)<36,"",(Transf!I273-AVERAGE(Transf!I$39:I273))/STDEV(Transf!I$39:I273)) -> 2.3229128 | J273: =IF(B273="","",IF(COUNT(B$74:B273)<60,B273,MEDIAN(QUARTILE(B$74:B273,1)-1.5*(QUARTILE(B$74:B273,3)-QUARTILE(B$74:B273,1)),B273,QUARTILE(B$74:B273,3)+1.5*(QUARTILE(B$74:B273,3)-QUARTILE(B$74:B273,1))))) -> 0.56977372 | K273: =IF(C273="","",IF(COUNT(C$74:C273)<60,C273,MEDIAN(QUARTILE(C$74:C273,1)-1.5*(QUARTILE(C$74:C273,3)-QUARTILE(C$74:C273,1)),C273,QUARTILE(C$74:C273,3)+1.5*(QUARTILE(C$74:C273,3)-QUARTILE(C$74:C273,1))))) -> 0.13972043 | L273: =IF(D273="","",IF(COUNT(D$74:D273)<60,D273,MEDIAN(QUARTILE(D$74:D273,1)-1.5*(QUARTILE(D$74:D273,3)-QUARTILE(D$74:D273,1)),D273,QUARTILE(D$74:D273,3)+1.5*(QUARTILE(D$74:D273,3)-QUARTILE(D$74:D273,1))))) -> -0.16227967 | M273: =IF(E273="","",IF(COUNT(E$74:E273)<60,E273,MEDIAN(QUARTILE(E$74:E273,1)-1.5*(QUARTILE(E$74:E273,3)-QUARTILE(E$74:E273,1)),E273,QUARTILE(E$74:E273,3)+1.5*(QUARTILE(E$74:E273,3)-QUARTILE(E$74:E273,1))))) -> -1.0236723 | N273: =IF(F273="","",IF(COUNT(F$74:F273)<60,F273,MEDIAN(QUARTILE(F$74:F273,1)-1.5*(QUARTILE(F$74:F273,3)-QUARTILE(F$74:F273,1)),F273,QUARTILE(F$74:F273,3)+1.5*(QUARTILE(F$74:F273,3)-QUARTILE(F$74:F273,1))))) -> 2.3107776 | O273: =IF(G273="","",IF(COUNT(G$74:G273)<60,G273,MEDIAN(QUARTILE(G$74:G273,1)-1.5*(QUARTILE(G$74:G273,3)-QUARTILE(G$74:G273,1)),G273,QUARTILE(G$74:G273,3)+1.5*(QUARTILE(G$74:G273,3)-QUARTILE(G$74:G273,1))))) -> -0.42140537 | P273: =IF(H273="","",IF(COUNT(H$74:H273)<60,H273,MEDIAN(QUARTILE(H$74:H273,1)-1.5*(QUARTILE(H$74:H273,3)-QUARTILE(H$74:H273,1)),H273,QUARTILE(H$74:H273,3)+1.5*(QUARTILE(H$74:H273,3)-QUARTILE(H$74:H273,1))))) -> 0.4146869 | Q273: =IF(I273="","",IF(COUNT(I$74:I273)<60,I273,MEDIAN(QUARTILE(I$74:I273,1)-1.5*(QUARTILE(I$74:I273,3)-QUARTILE(I$74:I273,1)),I273,QUARTILE(I$74:I273,3)+1.5*(QUARTILE(I$74:I273,3)-QUARTILE(I$74:I273,1))))) -> 2.3229128 | R273: =IF(J273="","",MEDIAN(J273:Q273)) -> 0.27720366 | S273: =IF(R273="","",ABS(R273)) -> 0.27720366 | T273: =IF(COUNT(S$74:S272)<60,"",MEDIAN(S$74:S272)) -> 0.35180899 | U273: =IF(R273="","",IF(T273="",0,IF(S273>=T273,R273,0))) -> 0 | V273: =IF(U273="","",MEDIAN(-1,U273,1)) -> 0 | W273: =IF(J273="","",AVERAGE(J273:Q273)) -> 0.51881426
A275: z = (x - media expansiva) / desvio expansivo, ambos desde feb-2007, minimo 36 observaciones. Sin look-ahead.
A276: w = filtro Tukey point-in-time: recorta a [Q1-1,5*RIC ; Q3+1,5*RIC] con cuartiles calculados sobre la historia DISPONIBLE hasta t (min 60 obs).
A277: MEDIANA = mediana de los 8 factores winsorizados. Reemplaza al promedio: es robusta a que un solo factor quede en un extremo.
A278: Umbral = mediana expansiva de |score| hasta t-1 (banda muerta). Antes de tener 60 observaciones el umbral es 0.
A279: Senal = score si |score| >= umbral, si no 0. Los tres quintiles centrales del score no tienen poder predictivo.
A280: Posicion cruda = senal recortada a +-1. Es adimensional: +1 = sobreponderacion maxima, 0 = peso de benchmark, -1 = infraponderacion maxima.

Sheet Backtest
A1: Fecha | B1: Ratio | C1: ln(Ratio) | D1: r relativo | E1: Brent | F1: ln(Brent) | G1: r Brent | H1: Beta a Brent | I1: r relativo cubierto | J1: Posicion (escalera 12) | K1: |Posicion| | L1: Rotacion | M1: PnL cubierto neto | N1: PnL sin cubrir neto | O1: Acumulado cubierto | P1: Pico | Q1: Drawdown | R1: Fwd 1m cub. | S1: Fwd 3m cub. | T1: Fwd 6m cub. | U1: Fwd 12m cub. | V1: Acum. s/cub. | W1: Pico s/cub. | X1: Drawdown s/cub. | Y1: Fwd 1m s/cub. | Z1: Fwd 3m s/cub. | AA1: Fwd 6m s/cub. | AB1: Fwd 12m s/cub.
A2: =Base!A2 -> 38017 | B2: =IF(Base!T2="","",Base!T2) | C2: =IF(B2="","",LN(B2)) | E2: =IF(Base!U2="","",Base!U2) | F2: =IF(E2="","",LN(E2)) | R2: =IF(COUNT(I3:I3)<1,"",SUM(I3:I3)) | S2: =IF(COUNT(I3:I5)<3,"",SUM(I3:I5)) | T2: =IF(COUNT(I3:I8)<6,"",SUM(I3:I8)) | U2: =IF(COUNT(I3:I14)<12,"",SUM(I3:I14)) | Y2: =IF(COUNT(D3:D3)<1,"",SUM(D3:D3)) | Z2: =IF(COUNT(D3:D5)<3,"",SUM(D3:D5)) | AA2: =IF(COUNT(D3:D8)<6,"",SUM(D3:D8)) | AB2: =IF(COUNT(D3:D14)<12,"",SUM(D3:D14))
A3: =Base!A3 -> 38046 | B3: =IF(Base!T3="","",Base!T3) | C3: =IF(B3="","",LN(B3)) | D3: =IF(OR(C3="",C2=""),"",C3-C2) | E3: =IF(Base!U3="","",Base!U3) | F3: =IF(E3="","",LN(E3)) | G3: =IF(OR(F3="",F2=""),"",F3-F2) | R3: =IF(COUNT(I4:I4)<1,"",SUM(I4:I4)) | S3: =IF(COUNT(I4:I6)<3,"",SUM(I4:I6)) | T3: =IF(COUNT(I4:I9)<6,"",SUM(I4:I9)) | U3: =IF(COUNT(I4:I15)<12,"",SUM(I4:I15)) | Y3: =IF(COUNT(D4:D4)<1,"",SUM(D4:D4)) | Z3: =IF(COUNT(D4:D6)<3,"",SUM(D4:D6)) | AA3: =IF(COUNT(D4:D9)<6,"",SUM(D4:D9)) | AB3: =IF(COUNT(D4:D15)<12,"",SUM(D4:D15))
A4: =Base!A4 -> 38077 | B4: =IF(Base!T4="","",Base!T4) | C4: =IF(B4="","",LN(B4)) | D4: =IF(OR(C4="",C3=""),"",C4-C3) | E4: =IF(Base!U4="","",Base!U4) | F4: =IF(E4="","",LN(E4)) | G4: =IF(OR(F4="",F3=""),"",F4-F3) | R4: =IF(COUNT(I5:I5)<1,"",SUM(I5:I5)) | S4: =IF(COUNT(I5:I7)<3,"",SUM(I5:I7)) | T4: =IF(COUNT(I5:I10)<6,"",SUM(I5:I10)) | U4: =IF(COUNT(I5:I16)<12,"",SUM(I5:I16)) | Y4: =IF(COUNT(D5:D5)<1,"",SUM(D5:D5)) | Z4: =IF(COUNT(D5:D7)<3,"",SUM(D5:D7)) | AA4: =IF(COUNT(D5:D10)<6,"",SUM(D5:D10)) | AB4: =IF(COUNT(D5:D16)<12,"",SUM(D5:D16))
A5: =Base!A5 -> 38107 | B5: =IF(Base!T5="","",Base!T5) | C5: =IF(B5="","",LN(B5)) | D5: =IF(OR(C5="",C4=""),"",C5-C4) | E5: =IF(Base!U5="","",Base!U5) | F5: =IF(E5="","",LN(E5)) | G5: =IF(OR(F5="",F4=""),"",F5-F4) | R5: =IF(COUNT(I6:I6)<1,"",SUM(I6:I6)) | S5: =IF(COUNT(I6:I8)<3,"",SUM(I6:I8)) | T5: =IF(COUNT(I6:I11)<6,"",SUM(I6:I11)) | U5: =IF(COUNT(I6:I17)<12,"",SUM(I6:I17)) | Y5: =IF(COUNT(D6:D6)<1,"",SUM(D6:D6)) | Z5: =IF(COUNT(D6:D8)<3,"",SUM(D6:D8)) | AA5: =IF(COUNT(D6:D11)<6,"",SUM(D6:D11)) | AB5: =IF(COUNT(D6:D17)<12,"",SUM(D6:D17))
A6: =Base!A6 -> 38138 | B6: =IF(Base!T6="","",Base!T6) | C6: =IF(B6="","",LN(B6)) | D6: =IF(OR(C6="",C5=""),"",C6-C5) | E6: =IF(Base!U6="","",Base!U6) | F6: =IF(E6="","",LN(E6)) | G6: =IF(OR(F6="",F5=""),"",F6-F5) | R6: =IF(COUNT(I7:I7)<1,"",SUM(I7:I7)) | S6: =IF(COUNT(I7:I9)<3,"",SUM(I7:I9)) | T6: =IF(COUNT(I7:I12)<6,"",SUM(I7:I12)) | U6: =IF(COUNT(I7:I18)<12,"",SUM(I7:I18)) | Y6: =IF(COUNT(D7:D7)<1,"",SUM(D7:D7)) | Z6: =IF(COUNT(D7:D9)<3,"",SUM(D7:D9)) | AA6: =IF(COUNT(D7:D12)<6,"",SUM(D7:D12)) | AB6: =IF(COUNT(D7:D18)<12,"",SUM(D7:D18))
A7: =Base!A7 -> 38168 | B7: =IF(Base!T7="","",Base!T7) | C7: =IF(B7="","",LN(B7)) | D7: =IF(OR(C7="",C6=""),"",C7-C6) | E7: =IF(Base!U7="","",Base!U7) | F7: =IF(E7="","",LN(E7)) | G7: =IF(OR(F7="",F6=""),"",F7-F6) | R7: =IF(COUNT(I8:I8)<1,"",SUM(I8:I8)) | S7: =IF(COUNT(I8:I10)<3,"",SUM(I8:I10)) | T7: =IF(COUNT(I8:I13)<6,"",SUM(I8:I13)) | U7: =IF(COUNT(I8:I19)<12,"",SUM(I8:I19)) | Y7: =IF(COUNT(D8:D8)<1,"",SUM(D8:D8)) | Z7: =IF(COUNT(D8:D10)<3,"",SUM(D8:D10)) | AA7: =IF(COUNT(D8:D13)<6,"",SUM(D8:D13)) | AB7: =IF(COUNT(D8:D19)<12,"",SUM(D8:D19))
A8: =Base!A8 -> 38199 | B8: =IF(Base!T8="","",Base!T8) | C8: =IF(B8="","",LN(B8)) | D8: =IF(OR(C8="",C7=""),"",C8-C7) | E8: =IF(Base!U8="","",Base!U8) | F8: =IF(E8="","",LN(E8)) | G8: =IF(OR(F8="",F7=""),"",F8-F7) | R8: =IF(COUNT(I9:I9)<1,"",SUM(I9:I9)) | S8: =IF(COUNT(I9:I11)<3,"",SUM(I9:I11)) | T8: =IF(COUNT(I9:I14)<6,"",SUM(I9:I14)) | U8: =IF(COUNT(I9:I20)<12,"",SUM(I9:I20)) | Y8: =IF(COUNT(D9:D9)<1,"",SUM(D9:D9)) | Z8: =IF(COUNT(D9:D11)<3,"",SUM(D9:D11)) | AA8: =IF(COUNT(D9:D14)<6,"",SUM(D9:D14)) | AB8: =IF(COUNT(D9:D20)<12,"",SUM(D9:D20))
A9: =Base!A9 -> 38230 | B9: =IF(Base!T9="","",Base!T9) | C9: =IF(B9="","",LN(B9)) | D9: =IF(OR(C9="",C8=""),"",C9-C8) | E9: =IF(Base!U9="","",Base!U9) | F9: =IF(E9="","",LN(E9)) | G9: =IF(OR(F9="",F8=""),"",F9-F8) | R9: =IF(COUNT(I10:I10)<1,"",SUM(I10:I10)) | S9: =IF(COUNT(I10:I12)<3,"",SUM(I10:I12)) | T9: =IF(COUNT(I10:I15)<6,"",SUM(I10:I15)) | U9: =IF(COUNT(I10:I21)<12,"",SUM(I10:I21)) | Y9: =IF(COUNT(D10:D10)<1,"",SUM(D10:D10)) | Z9: =IF(COUNT(D10:D12)<3,"",SUM(D10:D12)) | AA9: =IF(COUNT(D10:D15)<6,"",SUM(D10:D15)) | AB9: =IF(COUNT(D10:D21)<12,"",SUM(D10:D21))
A10: =Base!A10 -> 38260 | B10: =IF(Base!T10="","",Base!T10) | C10: =IF(B10="","",LN(B10)) | D10: =IF(OR(C10="",C9=""),"",C10-C9) | E10: =IF(Base!U10="","",Base!U10) | F10: =IF(E10="","",LN(E10)) | G10: =IF(OR(F10="",F9=""),"",F10-F9) | R10: =IF(COUNT(I11:I11)<1,"",SUM(I11:I11)) | S10: =IF(COUNT(I11:I13)<3,"",SUM(I11:I13)) | T10: =IF(COUNT(I11:I16)<6,"",SUM(I11:I16)) | U10: =IF(COUNT(I11:I22)<12,"",SUM(I11:I22)) | Y10: =IF(COUNT(D11:D11)<1,"",SUM(D11:D11)) | Z10: =IF(COUNT(D11:D13)<3,"",SUM(D11:D13)) | AA10: =IF(COUNT(D11:D16)<6,"",SUM(D11:D16)) | AB10: =IF(COUNT(D11:D22)<12,"",SUM(D11:D22))
A11: =Base!A11 -> 38291 | B11: =IF(Base!T11="","",Base!T11) | C11: =IF(B11="","",LN(B11)) | D11: =IF(OR(C11="",C10=""),"",C11-C10) | E11: =IF(Base!U11="","",Base!U11) | F11: =IF(E11="","",LN(E11)) | G11: =IF(OR(F11="",F10=""),"",F11-F10) | R11: =IF(COUNT(I12:I12)<1,"",SUM(I12:I12)) | S11: =IF(COUNT(I12:I14)<3,"",SUM(I12:I14)) | T11: =IF(COUNT(I12:I17)<6,"",SUM(I12:I17)) | U11: =IF(COUNT(I12:I23)<12,"",SUM(I12:I23)) | Y11: =IF(COUNT(D12:D12)<1,"",SUM(D12:D12)) | Z11: =IF(COUNT(D12:D14)<3,"",SUM(D12:D14)) | AA11: =IF(COUNT(D12:D17)<6,"",SUM(D12:D17)) | AB11: =IF(COUNT(D12:D23)<12,"",SUM(D12:D23))
A12: =Base!A12 -> 38321 | B12: =IF(Base!T12="","",Base!T12) | C12: =IF(B12="","",LN(B12)) | D12: =IF(OR(C12="",C11=""),"",C12-C11) | E12: =IF(Base!U12="","",Base!U12) | F12: =IF(E12="","",LN(E12)) | G12: =IF(OR(F12="",F11=""),"",F12-F11) | R12: =IF(COUNT(I13:I13)<1,"",SUM(I13:I13)) | S12: =IF(COUNT(I13:I15)<3,"",SUM(I13:I15)) | T12: =IF(COUNT(I13:I18)<6,"",SUM(I13:I18)) | U12: =IF(COUNT(I13:I24)<12,"",SUM(I13:I24)) | Y12: =IF(COUNT(D13:D13)<1,"",SUM(D13:D13)) | Z12: =IF(COUNT(D13:D15)<3,"",SUM(D13:D15)) | AA12: =IF(COUNT(D13:D18)<6,"",SUM(D13:D18)) | AB12: =IF(COUNT(D13:D24)<12,"",SUM(D13:D24))
A13: =Base!A13 -> 38352 | B13: =IF(Base!T13="","",Base!T13) | C13: =IF(B13="","",LN(B13)) | D13: =IF(OR(C13="",C12=""),"",C13-C12) | E13: =IF(Base!U13="","",Base!U13) | F13: =IF(E13="","",LN(E13)) | G13: =IF(OR(F13="",F12=""),"",F13-F12) | R13: =IF(COUNT(I14:I14)<1,"",SUM(I14:I14)) | S13: =IF(COUNT(I14:I16)<3,"",SUM(I14:I16)) | T13: =IF(COUNT(I14:I19)<6,"",SUM(I14:I19)) | U13: =IF(COUNT(I14:I25)<12,"",SUM(I14:I25)) | Y13: =IF(COUNT(D14:D14)<1,"",SUM(D14:D14)) | Z13: =IF(COUNT(D14:D16)<3,"",SUM(D14:D16)) | AA13: =IF(COUNT(D14:D19)<6,"",SUM(D14:D19)) | AB13: =IF(COUNT(D14:D25)<12,"",SUM(D14:D25))
A14: =Base!A14 -> 38383 | B14: =IF(Base!T14="","",Base!T14) | C14: =IF(B14="","",LN(B14)) | D14: =IF(OR(C14="",C13=""),"",C14-C13) | E14: =IF(Base!U14="","",Base!U14) | F14: =IF(E14="","",LN(E14)) | G14: =IF(OR(F14="",F13=""),"",F14-F13) | R14: =IF(COUNT(I15:I15)<1,"",SUM(I15:I15)) | S14: =IF(COUNT(I15:I17)<3,"",SUM(I15:I17)) | T14: =IF(COUNT(I15:I20)<6,"",SUM(I15:I20)) | U14: =IF(COUNT(I15:I26)<12,"",SUM(I15:I26)) | Y14: =IF(COUNT(D15:D15)<1,"",SUM(D15:D15)) | Z14: =IF(COUNT(D15:D17)<3,"",SUM(D15:D17)) | AA14: =IF(COUNT(D15:D20)<6,"",SUM(D15:D20)) | AB14: =IF(COUNT(D15:D26)<12,"",SUM(D15:D26))
... A74: =Base!A74 -> 40209 | B74: =IF(Base!T74="","",Base!T74) -> 0.88197381 | C74: =IF(B74="","",LN(B74)) -> -0.12559292 | D74: =IF(OR(C74="",C73=""),"",C74-C73) | E74: =IF(Base!U74="","",Base!U74) -> 76.17 | F74: =IF(E74="","",LN(E74)) -> 4.3329677 | G74: =IF(OR(F74="",F73=""),"",F74-F73) | R74: =IF(COUNT(I75:I75)<1,"",SUM(I75:I75)) | S74: =IF(COUNT(I75:I77)<3,"",SUM(I75:I77)) | T74: =IF(COUNT(I75:I80)<6,"",SUM(I75:I80)) | U74: =IF(COUNT(I75:I86)<12,"",SUM(I75:I86)) | Y74: =IF(COUNT(D75:D75)<1,"",SUM(D75:D75)) -> 0.0035132186 | Z74: =IF(COUNT(D75:D77)<3,"",SUM(D75:D77)) -> 0.02753755 | AA74: =IF(COUNT(D75:D80)<6,"",SUM(D75:D80)) -> -0.05436346 | AB74: =IF(COUNT(D75:D86)<12,"",SUM(D75:D86)) -> -0.1499775
A75: =Base!A75 -> 40237 | B75: =IF(Base!T75="","",Base!T75) -> 0.88507782 | C75: =IF(B75="","",LN(B75)) -> -0.1220797 | D75: =IF(OR(C75="",C74=""),"",C75-C74) -> 0.0035132186 | E75: =IF(Base!U75="","",Base!U75) -> 73.75 | F75: =IF(E75="","",LN(E75)) -> 4.300681 | G75: =IF(OR(F75="",F74=""),"",F75-F74) -> -0.032286689 | J75: =IF(COUNT(Senal!V63:V74)=0,"",AVERAGE(Senal!V63:V74)) -> 0 | K75: =IF(J75="","",ABS(J75)) -> 0 | L75: =IF(OR(J75="",J74=""),"",ABS(J75-J74)) | M75: =IF(OR(J75="",I75=""),"",J75*I75-IF(L75="",0,L75)*Resumen!$B$8/10000) | N75: =IF(OR(J75="",D75=""),"",J75*D75-IF(L75="",0,L75)*Resumen!$B$8/10000) -> 0 | O75: =IF(M75="","",IF(COUNT(O$2:O74)=0,M75,SUM(M$2:M75))) | P75: =IF(O75="","",MAX(O$2:O75)) | Q75: =IF(O75="","",O75-P75) | R75: =IF(COUNT(I76:I76)<1,"",SUM(I76:I76)) | S75: =IF(COUNT(I76:I78)<3,"",SUM(I76:I78)) | T75: =IF(COUNT(I76:I81)<6,"",SUM(I76:I81)) | U75: =IF(COUNT(I76:I87)<12,"",SUM(I76:I87)) | V75: =IF(N75="","",SUM(N$2:N75)) -> 0 | W75: =IF(V75="","",MAX(V$2:V75)) -> 0 | X75: =IF(V75="","",V75-W75) -> 0 | Y75: =IF(COUNT(D76:D76)<1,"",SUM(D76:D76)) -> -0.070869484 | Z75: =IF(COUNT(D76:D78)<3,"",SUM(D76:D78)) -> -0.053568674 | AA75: =IF(COUNT(D76:D81)<6,"",SUM(D76:D81)) -> -0.035742018 | AB75: =IF(COUNT(D76:D87)<12,"",SUM(D76:D87)) -> -0.053955952
A76: =Base!A76 -> 40268 | B76: =IF(Base!T76="","",Base!T76) -> 0.82452387 | C76: =IF(B76="","",LN(B76)) -> -0.19294919 | D76: =IF(OR(C76="",C75=""),"",C76-C75) -> -0.070869484 | E76: =IF(Base!U76="","",Base!U76) -> 78.83 | F76: =IF(E76="","",LN(E76)) -> 4.3672936 | G76: =IF(OR(F76="",F75=""),"",F76-F75) -> 0.06661264 | J76: =IF(COUNT(Senal!V64:V75)=0,"",AVERAGE(Senal!V64:V75)) -> 0 | K76: =IF(J76="","",ABS(J76)) -> 0 | L76: =IF(OR(J76="",J75=""),"",ABS(J76-J75)) -> 0 | M76: =IF(OR(J76="",I76=""),"",J76*I76-IF(L76="",0,L76)*Resumen!$B$8/10000) | N76: =IF(OR(J76="",D76=""),"",J76*D76-IF(L76="",0,L76)*Resumen!$B$8/10000) -> 0 | O76: =IF(M76="","",IF(COUNT(O$2:O75)=0,M76,SUM(M$2:M76))) | P76: =IF(O76="","",MAX(O$2:O76)) | Q76: =IF(O76="","",O76-P76) | R76: =IF(COUNT(I77:I77)<1,"",SUM(I77:I77)) | S76: =IF(COUNT(I77:I79)<3,"",SUM(I77:I79)) | T76: =IF(COUNT(I77:I82)<6,"",SUM(I77:I82)) | U76: =IF(COUNT(I77:I88)<12,"",SUM(I77:I88)) | V76: =IF(N76="","",SUM(N$2:N76)) -> 0 | W76: =IF(V76="","",MAX(V$2:V76)) -> 0 | X76: =IF(V76="","",V76-W76) -> 0 | Y76: =IF(COUNT(D77:D77)<1,"",SUM(D77:D77)) -> 0.094893815 | Z76: =IF(COUNT(D77:D79)<3,"",SUM(D77:D79)) -> 0.035175312 | AA76: =IF(COUNT(D77:D82)<6,"",SUM(D77:D82)) -> -0.074522176 | AB76: =IF(COUNT(D77:D88)<12,"",SUM(D77:D88)) -> -0.14487687
A77: =Base!A77 -> 40298 | B77: =IF(Base!T77="","",Base!T77) -> 0.9065987 | C77: =IF(B77="","",LN(B77)) -> -0.098055371 | D77: =IF(OR(C77="",C76=""),"",C77-C76) -> 0.094893815 | E77: =IF(Base!U77="","",Base!U77) -> 84.82 | F77: =IF(E77="","",LN(E77)) -> 4.4405314 | G77: =IF(OR(F77="",F76=""),"",F77-F76) -> 0.073237729 | J77: =IF(COUNT(Senal!V65:V76)=0,"",AVERAGE(Senal!V65:V76)) -> 0 | K77: =IF(J77="","",ABS(J77)) -> 0 | L77: =IF(OR(J77="",J76=""),"",ABS(J77-J76)) -> 0 | M77: =IF(OR(J77="",I77=""),"",J77*I77-IF(L77="",0,L77)*Resumen!$B$8/10000) | N77: =IF(OR(J77="",D77=""),"",J77*D77-IF(L77="",0,L77)*Resumen!$B$8/10000) -> 0 | O77: =IF(M77="","",IF(COUNT(O$2:O76)=0,M77,SUM(M$2:M77))) | P77: =IF(O77="","",MAX(O$2:O77)) | Q77: =IF(O77="","",O77-P77) | R77: =IF(COUNT(I78:I78)<1,"",SUM(I78:I78)) | S77: =IF(COUNT(I78:I80)<3,"",SUM(I78:I80)) | T77: =IF(COUNT(I78:I83)<6,"",SUM(I78:I83)) | U77: =IF(COUNT(I78:I89)<12,"",SUM(I78:I89)) | V77: =IF(N77="","",SUM(N$2:N77)) -> 0 | W77: =IF(V77="","",MAX(V$2:V77)) -> 0 | X77: =IF(V77="","",V77-W77) -> 0 | Y77: =IF(COUNT(D78:D78)<1,"",SUM(D78:D78)) -> -0.077593005 | Z77: =IF(COUNT(D78:D80)<3,"",SUM(D78:D80)) -> -0.08190101 | AA77: =IF(COUNT(D78:D83)<6,"",SUM(D78:D83)) -> -0.29580325 | AB77: =IF(COUNT(D78:D89)<12,"",SUM(D78:D89)) -> -0.18117699
A78: =Base!A78 -> 40329 | B78: =IF(Base!T78="","",Base!T78) -> 0.83891291 | C78: =IF(B78="","",LN(B78)) -> -0.17564838 | D78: =IF(OR(C78="",C77=""),"",C78-C77) -> -0.077593005 | E78: =IF(Base!U78="","",Base!U78) -> 75.95 | F78: =IF(E78="","",LN(E78)) -> 4.3300752 | G78: =IF(OR(F78="",F77=""),"",F78-F77) -> -0.11045614 | J78: =IF(COUNT(Senal!V66:V77)=0,"",AVERAGE(Senal!V66:V77)) -> 0 | K78: =IF(J78="","",ABS(J78)) -> 0 | L78: =IF(OR(J78="",J77=""),"",ABS(J78-J77)) -> 0 | M78: =IF(OR(J78="",I78=""),"",J78*I78-IF(L78="",0,L78)*Resumen!$B$8/10000) | N78: =IF(OR(J78="",D78=""),"",J78*D78-IF(L78="",0,L78)*Resumen!$B$8/10000) -> 0 | O78: =IF(M78="","",IF(COUNT(O$2:O77)=0,M78,SUM(M$2:M78))) | P78: =IF(O78="","",MAX(O$2:O78)) | Q78: =IF(O78="","",O78-P78) | R78: =IF(COUNT(I79:I79)<1,"",SUM(I79:I79)) | S78: =IF(COUNT(I79:I81)<3,"",SUM(I79:I81)) | T78: =IF(COUNT(I79:I84)<6,"",SUM(I79:I84)) | U78: =IF(COUNT(I79:I90)<12,"",SUM(I79:I90)) | V78: =IF(N78="","",SUM(N$2:N78)) -> 0 | W78: =IF(V78="","",MAX(V$2:V78)) -> 0 | X78: =IF(V78="","",V78-W78) -> 0 | Y78: =IF(COUNT(D79:D79)<1,"",SUM(D79:D79)) -> 0.017874501 | Z78: =IF(COUNT(D79:D81)<3,"",SUM(D79:D81)) -> 0.017826656 | AA78: =IF(COUNT(D79:D84)<6,"",SUM(D79:D84)) -> -0.20336152 | AB78: =IF(COUNT(D79:D90)<12,"",SUM(D79:D90)) -> 0.024206693
A79: =Base!A79 -> 40359 | B79: =IF(Base!T79="","",Base!T79) -> 0.85404288 | C79: =IF(B79="","",LN(B79)) -> -0.15777387 | D79: =IF(OR(C79="",C78=""),"",C79-C78) -> 0.017874501 | E79: =IF(Base!U79="","",Base!U79) -> 74.76 | F79: =IF(E79="","",LN(E79)) -> 4.314283 | G79: =IF(OR(F79="",F78=""),"",F79-F78) -> -0.015792246 | J79: =IF(COUNT(Senal!V67:V78)=0,"",AVERAGE(Senal!V67:V78)) -> 0 | K79: =IF(J79="","",ABS(J79)) -> 0 | L79: =IF(OR(J79="",J78=""),"",ABS(J79-J78)) -> 0 | M79: =IF(OR(J79="",I79=""),"",J79*I79-IF(L79="",0,L79)*Resumen!$B$8/10000) | N79: =IF(OR(J79="",D79=""),"",J79*D79-IF(L79="",0,L79)*Resumen!$B$8/10000) -> 0 | O79: =IF(M79="","",IF(COUNT(O$2:O78)=0,M79,SUM(M$2:M79))) | P79: =IF(O79="","",MAX(O$2:O79)) | Q79: =IF(O79="","",O79-P79) | R79: =IF(COUNT(I80:I80)<1,"",SUM(I80:I80)) | S79: =IF(COUNT(I80:I82)<3,"",SUM(I80:I82)) | T79: =IF(COUNT(I80:I85)<6,"",SUM(I80:I85)) | U79: =IF(COUNT(I80:I91)<12,"",SUM(I80:I91)) | V79: =IF(N79="","",SUM(N$2:N79)) -> 0 | W79: =IF(V79="","",MAX(V$2:V79)) -> 0 | X79: =IF(V79="","",V79-W79) -> 0 | Y79: =IF(COUNT(D80:D80)<1,"",SUM(D80:D80)) -> -0.022182507 | Z79: =IF(COUNT(D80:D82)<3,"",SUM(D80:D82)) -> -0.10969749 | AA79: =IF(COUNT(D80:D85)<6,"",SUM(D80:D85)) -> -0.10273191 | AB79: =IF(COUNT(D80:D91)<12,"",SUM(D80:D91)) -> -0.10263644
A80: =Base!A80 -> 40390 | B80: =IF(Base!T80="","",Base!T80) -> 0.83530665 | C80: =IF(B80="","",LN(B80)) -> -0.17995638 | D80: =IF(OR(C80="",C79=""),"",C80-C79) -> -0.022182507 | E80: =IF(Base!U80="","",Base!U80) -> 75.58 | F80: =IF(E80="","",LN(E80)) -> 4.3251917 | G80: =IF(OR(F80="",F79=""),"",F80-F79) -> 0.010908715 | J80: =IF(COUNT(Senal!V68:V79)=0,"",AVERAGE(Senal!V68:V79)) -> 0 | K80: =IF(J80="","",ABS(J80)) -> 0 | L80: =IF(OR(J80="",J79=""),"",ABS(J80-J79)) -> 0 | M80: =IF(OR(J80="",I80=""),"",J80*I80-IF(L80="",0,L80)*Resumen!$B$8/10000) | N80: =IF(OR(J80="",D80=""),"",J80*D80-IF(L80="",0,L80)*Resumen!$B$8/10000) -> 0 | O80: =IF(M80="","",IF(COUNT(O$2:O79)=0,M80,SUM(M$2:M80))) | P80: =IF(O80="","",MAX(O$2:O80)) | Q80: =IF(O80="","",O80-P80) | R80: =IF(COUNT(I81:I81)<1,"",SUM(I81:I81)) | S80: =IF(COUNT(I81:I83)<3,"",SUM(I81:I83)) | T80: =IF(COUNT(I81:I86)<6,"",SUM(I81:I86)) | U80: =IF(COUNT(I81:I92)<12,"",SUM(I81:I92)) | V80: =IF(N80="","",SUM(N$2:N80)) -> 0 | W80: =IF(V80="","",MAX(V$2:V80)) -> 0 | X80: =IF(V80="","",V80-W80) -> 0 | Y80: =IF(COUNT(D81:D81)<1,"",SUM(D81:D81)) -> 0.022134661 | Z80: =IF(COUNT(D81:D83)<3,"",SUM(D81:D83)) -> -0.21390224 | AA80: =IF(COUNT(D81:D86)<6,"",SUM(D81:D86)) -> -0.095614044 | AB80: =IF(COUNT(D81:D92)<12,"",SUM(D81:D92)) -> -0.091666507
A81: =Base!A81 -> 40421 | B81: =IF(Base!T81="","",Base!T81) -> 0.85400202 | C81: =IF(B81="","",LN(B81)) -> -0.15782172 | D81: =IF(OR(C81="",C80=""),"",C81-C80) -> 0.022134661 | E81: =IF(Base!U81="","",Base!U81) -> 77.04 | F81: =IF(E81="","",LN(E81)) -> 4.3443248 | G81: =IF(OR(F81="",F80=""),"",F81-F80) -> 0.01913307 | J81: =IF(COUNT(Senal!V69:V80)=0,"",AVERAGE(Senal!V69:V80)) -> 0 | K81: =IF(J81="","",ABS(J81)) -> 0 | L81: =IF(OR(J81="",J80=""),"",ABS(J81-J80)) -> 0 | M81: =IF(OR(J81="",I81=""),"",J81*I81-IF(L81="",0,L81)*Resumen!$B$8/10000) | N81: =IF(OR(J81="",D81=""),"",J81*D81-IF(L81="",0,L81)*Resumen!$B$8/10000) -> 0 | O81: =IF(M81="","",IF(COUNT(O$2:O80)=0,M81,SUM(M$2:M81))) | P81: =IF(O81="","",MAX(O$2:O81)) | Q81: =IF(O81="","",O81-P81) | R81: =IF(COUNT(I82:I82)<1,"",SUM(I82:I82)) | S81: =IF(COUNT(I82:I84)<3,"",SUM(I82:I84)) | T81: =IF(COUNT(I82:I87)<6,"",SUM(I82:I87)) | U81: =IF(COUNT(I82:I93)<12,"",SUM(I82:I93)) | V81: =IF(N81="","",SUM(N$2:N81)) -> 0 | W81: =IF(V81="","",MAX(V$2:V81)) -> 0 | X81: =IF(V81="","",V81-W81) -> 0 | Y81: =IF(COUNT(D82:D82)<1,"",SUM(D82:D82)) -> -0.10964964 | Z81: =IF(COUNT(D82:D84)<3,"",SUM(D82:D84)) -> -0.22118818 | AA81: =IF(COUNT(D82:D87)<6,"",SUM(D82:D87)) -> -0.018213935 | AB81: =IF(COUNT(D82:D93)<12,"",SUM(D82:D93)) -> -0.05625557
A82: =Base!A82 -> 40451 | B82: =IF(Base!T82="","",Base!T82) -> 0.76531225 | C82: =IF(B82="","",LN(B82)) -> -0.26747136 | D82: =IF(OR(C82="",C81=""),"",C82-C81) -> -0.10964964 | E82: =IF(Base!U82="","",Base!U82) -> 77.84 | F82: =IF(E82="","",LN(E82)) -> 4.3546554 | G82: =IF(OR(F82="",F81=""),"",F82-F81) -> 0.01033067 | J82: =IF(COUNT(Senal!V70:V81)=0,"",AVERAGE(Senal!V70:V81)) -> 0 | K82: =IF(J82="","",ABS(J82)) -> 0 | L82: =IF(OR(J82="",J81=""),"",ABS(J82-J81)) -> 0 | M82: =IF(OR(J82="",I82=""),"",J82*I82-IF(L82="",0,L82)*Resumen!$B$8/10000) | N82: =IF(OR(J82="",D82=""),"",J82*D82-IF(L82="",0,L82)*Resumen!$B$8/10000) -> 0 | O82: =IF(M82="","",IF(COUNT(O$2:O81)=0,M82,SUM(M$2:M82))) | P82: =IF(O82="","",MAX(O$2:O82)) | Q82: =IF(O82="","",O82-P82) | R82: =IF(COUNT(I83:I83)<1,"",SUM(I83:I83)) | S82: =IF(COUNT(I83:I85)<3,"",SUM(I83:I85)) | T82: =IF(COUNT(I83:I88)<6,"",SUM(I83:I88)) | U82: =IF(COUNT(I83:I94)<12,"",SUM(I83:I94)) | V82: =IF(N82="","",SUM(N$2:N82)) -> 0 | W82: =IF(V82="","",MAX(V$2:V82)) -> 0 | X82: =IF(V82="","",V82-W82) -> 0 | Y82: =IF(COUNT(D83:D83)<1,"",SUM(D83:D83)) -> -0.12638726 | Z82: =IF(COUNT(D83:D85)<3,"",SUM(D83:D85)) -> 0.0069655756 | AA82: =IF(COUNT(D83:D88)<6,"",SUM(D83:D88)) -> -0.070354694 | AB82: =IF(COUNT(D83:D94)<12,"",SUM(D83:D94)) -> 0.25127569
A83: =Base!A83 -> 40482 | B83: =IF(Base!T83="","",Base!T83) -> 0.6744494 | C83: =IF(B83="","",LN(B83)) -> -0.39385862 | D83: =IF(OR(C83="",C82=""),"",C83-C82) -> -0.12638726 | E83: =IF(Base!U83="","",Base!U83) -> 82.67 | F83: =IF(E83="","",LN(E83)) -> 4.4148568 | G83: =IF(OR(F83="",F82=""),"",F83-F82) -> 0.060201341 | J83: =IF(COUNT(Senal!V71:V82)=0,"",AVERAGE(Senal!V71:V82)) -> 0 | K83: =IF(J83="","",ABS(J83)) -> 0 | L83: =IF(OR(J83="",J82=""),"",ABS(J83-J82)) -> 0 | M83: =IF(OR(J83="",I83=""),"",J83*I83-IF(L83="",0,L83)*Resumen!$B$8/10000) | N83: =IF(OR(J83="",D83=""),"",J83*D83-IF(L83="",0,L83)*Resumen!$B$8/10000) -> 0 | O83: =IF(M83="","",IF(COUNT(O$2:O82)=0,M83,SUM(M$2:M83))) | P83: =IF(O83="","",MAX(O$2:O83)) | Q83: =IF(O83="","",O83-P83) | R83: =IF(COUNT(I84:I84)<1,"",SUM(I84:I84)) | S83: =IF(COUNT(I84:I86)<3,"",SUM(I84:I86)) | T83: =IF(COUNT(I84:I89)<6,"",SUM(I84:I89)) | U83: =IF(COUNT(I84:I95)<12,"",SUM(I84:I95)) | V83: =IF(N83="","",SUM(N$2:N83)) -> 0 | W83: =IF(V83="","",MAX(V$2:V83)) -> 0 | X83: =IF(V83="","",V83-W83) -> 0 | Y83: =IF(COUNT(D84:D84)<1,"",SUM(D84:D84)) -> 0.014848728 | Z83: =IF(COUNT(D84:D86)<3,"",SUM(D84:D86)) -> 0.1182882 | AA83: =IF(COUNT(D84:D89)<6,"",SUM(D84:D89)) -> 0.11462626 | AB83: =IF(COUNT(D84:D95)<12,"",SUM(D84:D95)) -> 0.16074549
A84: =Base!A84 -> 40512 | B84: =IF(Base!T84="","",Base!T84) -> 0.68453884 | C84: =IF(B84="","",LN(B84)) -> -0.3790099 | D84: =IF(OR(C84="",C83=""),"",C84-C83) -> 0.014848728 | E84: =IF(Base!U84="","",Base!U84) -> 85.28 | F84: =IF(E84="","",LN(E84)) -> 4.44594 | G84: =IF(OR(F84="",F83=""),"",F84-F83) -> 0.031083181 | J84: =IF(COUNT(Senal!V72:V83)=0,"",AVERAGE(Senal!V72:V83)) -> 0 | K84: =IF(J84="","",ABS(J84)) -> 0 | L84: =IF(OR(J84="",J83=""),"",ABS(J84-J83)) -> 0 | M84: =IF(OR(J84="",I84=""),"",J84*I84-IF(L84="",0,L84)*Resumen!$B$8/10000) | N84: =IF(OR(J84="",D84=""),"",J84*D84-IF(L84="",0,L84)*Resumen!$B$8/10000) -> 0 | O84: =IF(M84="","",IF(COUNT(O$2:O83)=0,M84,SUM(M$2:M84))) | P84: =IF(O84="","",MAX(O$2:O84)) | Q84: =IF(O84="","",O84-P84) | R84: =IF(COUNT(I85:I85)<1,"",SUM(I85:I85)) | S84: =IF(COUNT(I85:I87)<3,"",SUM(I85:I87)) | T84: =IF(COUNT(I85:I90)<6,"",SUM(I85:I90)) | U84: =IF(COUNT(I85:I96)<12,"",SUM(I85:I96)) | V84: =IF(N84="","",SUM(N$2:N84)) -> 0 | W84: =IF(V84="","",MAX(V$2:V84)) -> 0 | X84: =IF(V84="","",V84-W84) -> 0 | Y84: =IF(COUNT(D85:D85)<1,"",SUM(D85:D85)) -> 0.11850411 | Z84: =IF(COUNT(D85:D87)<3,"",SUM(D85:D87)) -> 0.20297424 | AA84: =IF(COUNT(D85:D90)<6,"",SUM(D85:D90)) -> 0.22756821 | AB84: =IF(COUNT(D85:D96)<12,"",SUM(D85:D96)) -> 0.30414375
A85: =Base!A85 -> 40543 | B85: =IF(Base!T85="","",Base!T85) -> 0.7706617 | C85: =IF(B85="","",LN(B85)) -> -0.26050579 | D85: =IF(OR(C85="",C84=""),"",C85-C84) -> 0.11850411 | E85: =IF(Base!U85="","",Base!U85) -> 91.45 | F85: =IF(E85="","",LN(E85)) -> 4.5157924 | G85: =IF(OR(F85="",F84=""),"",F85-F84) -> 0.069852414 | J85: =IF(COUNT(Senal!V73:V84)=0,"",AVERAGE(Senal!V73:V84)) -> 0 | K85: =IF(J85="","",ABS(J85)) -> 0 | L85: =IF(OR(J85="",J84=""),"",ABS(J85-J84)) -> 0 | M85: =IF(OR(J85="",I85=""),"",J85*I85-IF(L85="",0,L85)*Resumen!$B$8/10000) | N85: =IF(OR(J85="",D85=""),"",J85*D85-IF(L85="",0,L85)*Resumen!$B$8/10000) -> 0 | O85: =IF(M85="","",IF(COUNT(O$2:O84)=0,M85,SUM(M$2:M85))) | P85: =IF(O85="","",MAX(O$2:O85)) | Q85: =IF(O85="","",O85-P85) | R85: =IF(COUNT(I86:I86)<1,"",SUM(I86:I86)) | S85: =IF(COUNT(I86:I88)<3,"",SUM(I86:I88)) | T85: =IF(COUNT(I86:I91)<6,"",SUM(I86:I91)) | U85: =IF(COUNT(I86:I97)<12,"",SUM(I86:I97)) | V85: =IF(N85="","",SUM(N$2:N85)) -> 0 | W85: =IF(V85="","",MAX(V$2:V85)) -> 0 | X85: =IF(V85="","",V85-W85) -> 0 | Y85: =IF(COUNT(D86:D86)<1,"",SUM(D86:D86)) -> -0.015064638 | Z85: =IF(COUNT(D86:D88)<3,"",SUM(D86:D88)) -> -0.07732027 | AA85: =IF(COUNT(D86:D91)<6,"",SUM(D86:D91)) -> 9.546901e-05 | AB85: =IF(COUNT(D86:D97)<12,"",SUM(D86:D97)) -> 0.24560729
A86: =Base!A86 -> 40574 | B86: =IF(Base!T86="","",Base!T86) -> 0.75913897 | C86: =IF(B86="","",LN(B86)) -> -0.27557042 | D86: =IF(OR(C86="",C85=""),"",C86-C85) -> -0.015064638 | E86: =IF(Base!U86="","",Base!U86) -> 96.52 | F86: =IF(E86="","",LN(E86)) -> 4.5697502 | G86: =IF(OR(F86="",F85=""),"",F86-F85) -> 0.053957866 | J86: =IF(COUNT(Senal!V74:V85)=0,"",AVERAGE(Senal!V74:V85)) -> 0 | K86: =IF(J86="","",ABS(J86)) -> 0 | L86: =IF(OR(J86="",J85=""),"",ABS(J86-J85)) -> 0 | M86: =IF(OR(J86="",I86=""),"",J86*I86-IF(L86="",0,L86)*Resumen!$B$8/10000) | N86: =IF(OR(J86="",D86=""),"",J86*D86-IF(L86="",0,L86)*Resumen!$B$8/10000) -> 0 | O86: =IF(M86="","",IF(COUNT(O$2:O85)=0,M86,SUM(M$2:M86))) | P86: =IF(O86="","",MAX(O$2:O86)) | Q86: =IF(O86="","",O86-P86) | R86: =IF(COUNT(I87:I87)<1,"",SUM(I87:I87)) | S86: =IF(COUNT(I87:I89)<3,"",SUM(I87:I89)) | T86: =IF(COUNT(I87:I92)<6,"",SUM(I87:I92)) | U86: =IF(COUNT(I87:I98)<12,"",SUM(I87:I98)) | V86: =IF(N86="","",SUM(N$2:N86)) -> 0 | W86: =IF(V86="","",MAX(V$2:V86)) -> 0 | X86: =IF(V86="","",V86-W86) -> 0 | Y86: =IF(COUNT(D87:D87)<1,"",SUM(D87:D87)) -> 0.09953477 | Z86: =IF(COUNT(D87:D89)<3,"",SUM(D87:D89)) -> -0.0036619339 | AA86: =IF(COUNT(D87:D92)<6,"",SUM(D87:D92)) -> 0.0039475369 | AB86: =IF(COUNT(D87:D98)<12,"",SUM(D87:D98)) -> 0.20920493
... A110: =Base!A110 -> 41305 | B110: =IF(Base!T110="","",Base!T110) -> 0.52319775 | C110: =IF(B110="","",LN(B110)) -> -0.64779578 | D110: =IF(OR(C110="",C109=""),"",C110-C109) -> 0.021779058 | E110: =IF(Base!U110="","",Base!U110) -> 112.96 | F110: =IF(E110="","",LN(E110)) -> 4.7270338 | G110: =IF(OR(F110="",F109=""),"",F110-F109) -> 0.031200553 | J110: =IF(COUNT(Senal!V98:V109)=0,"",AVERAGE(Senal!V98:V109)) -> 0 | K110: =IF(J110="","",ABS(J110)) -> 0 | L110: =IF(OR(J110="",J109=""),"",ABS(J110-J109)) -> 0 | M110: =IF(OR(J110="",I110=""),"",J110*I110-IF(L110="",0,L110)*Resumen!$B$8/10000) | N110: =IF(OR(J110="",D110=""),"",J110*D110-IF(L110="",0,L110)*Resumen!$B$8/10000) -> 0 | O110: =IF(M110="","",IF(COUNT(O$2:O109)=0,M110,SUM(M$2:M110))) | P110: =IF(O110="","",MAX(O$2:O110)) | Q110: =IF(O110="","",O110-P110) | R110: =IF(COUNT(I111:I111)<1,"",SUM(I111:I111)) -> 0.037044824 | S110: =IF(COUNT(I111:I113)<3,"",SUM(I111:I113)) -> -0.087415891 | T110: =IF(COUNT(I111:I116)<6,"",SUM(I111:I116)) -> 0.099163402 | U110: =IF(COUNT(I111:I122)<12,"",SUM(I111:I122)) -> 0.23262785 | V110: =IF(N110="","",SUM(N$2:N110)) -> 0 | W110: =IF(V110="","",MAX(V$2:V110)) -> 0 | X110: =IF(V110="","",V110-W110) -> 0 | Y110: =IF(COUNT(D111:D111)<1,"",SUM(D111:D111)) -> 0.041366468 | Z110: =IF(COUNT(D111:D113)<3,"",SUM(D111:D113)) -> -0.10362578 | AA110: =IF(COUNT(D111:D116)<6,"",SUM(D111:D116)) -> 0.094161036 | AB110: =IF(COUNT(D111:D122)<12,"",SUM(D111:D122)) -> 0.22735858
A111: =Base!A111 -> 41333 | B111: =IF(Base!T111="","",Base!T111) -> 0.54529447 | C111: =IF(B111="","",LN(B111)) -> -0.60642932 | D111: =IF(OR(C111="",C110=""),"",C111-C110) -> 0.041366468 | E111: =IF(Base!U111="","",Base!U111) -> 116.05 | F111: =IF(E111="","",LN(E111)) -> 4.7540211 | G111: =IF(OR(F111="",F110=""),"",F111-F110) -> 0.026987359 | H111: =IF(COUNT(D$75:D110)<36,"",SLOPE(D$75:D110,G$75:G110)) -> 0.16013589 | I111: =IF(OR(D111="",H111="",G111=""),"",D111-H111*G111) -> 0.037044824 | J111: =IF(COUNT(Senal!V99:V110)=0,"",AVERAGE(Senal!V99:V110)) -> 0 | K111: =IF(J111="","",ABS(J111)) -> 0 | L111: =IF(OR(J111="",J110=""),"",ABS(J111-J110)) -> 0 | M111: =IF(OR(J111="",I111=""),"",J111*I111-IF(L111="",0,L111)*Resumen!$B$8/10000) -> 0 | N111: =IF(OR(J111="",D111=""),"",J111*D111-IF(L111="",0,L111)*Resumen!$B$8/10000) -> 0 | O111: =IF(M111="","",IF(COUNT(O$2:O110)=0,M111,SUM(M$2:M111))) -> 0 | P111: =IF(O111="","",MAX(O$2:O111)) -> 0 | Q111: =IF(O111="","",O111-P111) -> 0 | R111: =IF(COUNT(I112:I112)<1,"",SUM(I112:I112)) -> 0.0022454358 | S111: =IF(COUNT(I112:I114)<3,"",SUM(I112:I114)) -> -0.031365345 | T111: =IF(COUNT(I112:I117)<6,"",SUM(I112:I117)) -> 0.032052172 | U111: =IF(COUNT(I112:I123)<12,"",SUM(I112:I123)) -> 0.24639404 | V111: =IF(N111="","",SUM(N$2:N111)) -> 0 | W111: =IF(V111="","",MAX(V$2:V111)) -> 0 | X111: =IF(V111="","",V111-W111) -> 0 | Y111: =IF(COUNT(D112:D112)<1,"",SUM(D112:D112)) -> -0.0090358576 | Z111: =IF(COUNT(D112:D114)<3,"",SUM(D112:D114)) -> -0.051250538 | AA111: =IF(COUNT(D112:D117)<6,"",SUM(D112:D117)) -> 0.02918508 | AB111: =IF(COUNT(D112:D123)<12,"",SUM(D112:D123)) -> 0.238607
A112: =Base!A112 -> 41364 | B112: =IF(Base!T112="","",Base!T112) -> 0.54038946 | C112: =IF(B112="","",LN(B112)) -> -0.61546517 | D112: =IF(OR(C112="",C111=""),"",C112-C111) -> -0.0090358576 | E112: =IF(Base!U112="","",Base!U112) -> 108.47 | F112: =IF(E112="","",LN(E112)) -> 4.6864736 | G112: =IF(OR(F112="",F111=""),"",F112-F111) -> -0.067547496 | H112: =IF(COUNT(D$75:D111)<36,"",SLOPE(D$75:D111,G$75:G111)) -> 0.16701276 | I112: =IF(OR(D112="",H112="",G112=""),"",D112-H112*G112) -> 0.0022454358 | J112: =IF(COUNT(Senal!V100:V111)=0,"",AVERAGE(Senal!V100:V111)) -> 0 | K112: =IF(J112="","",ABS(J112)) -> 0 | L112: =IF(OR(J112="",J111=""),"",ABS(J112-J111)) -> 0 | M112: =IF(OR(J112="",I112=""),"",J112*I112-IF(L112="",0,L112)*Resumen!$B$8/10000) -> 0 | N112: =IF(OR(J112="",D112=""),"",J112*D112-IF(L112="",0,L112)*Resumen!$B$8/10000) -> 0 | O112: =IF(M112="","",IF(COUNT(O$2:O111)=0,M112,SUM(M$2:M112))) -> 0 | P112: =IF(O112="","",MAX(O$2:O112)) -> 0 | Q112: =IF(O112="","",O112-P112) -> 0 | R112: =IF(COUNT(I113:I113)<1,"",SUM(I113:I113)) -> -0.12670615 | S112: =IF(COUNT(I113:I115)<3,"",SUM(I113:I115)) -> 0.05682979 | T112: =IF(COUNT(I113:I118)<6,"",SUM(I113:I118)) -> 0.04834354 | U112: =IF(COUNT(I113:I124)<12,"",SUM(I113:I124)) -> 0.2751259 | V112: =IF(N112="","",SUM(N$2:N112)) -> 0 | W112: =IF(V112="","",MAX(V$2:V112)) -> 0 | X112: =IF(V112="","",V112-W112) -> 0 | Y112: =IF(COUNT(D113:D113)<1,"",SUM(D113:D113)) -> -0.13595639 | Z112: =IF(COUNT(D113:D115)<3,"",SUM(D113:D115)) -> 0.048961025 | AA112: =IF(COUNT(D113:D118)<6,"",SUM(D113:D118)) -> 0.057355852 | AB112: =IF(COUNT(D113:D124)<12,"",SUM(D113:D124)) -> 0.27532703
A113: =Base!A113 -> 41394 | B113: =IF(Base!T113="","",Base!T113) -> 0.47169553 | C113: =IF(B113="","",LN(B113)) -> -0.75142156 | D113: =IF(OR(C113="",C112=""),"",C113-C112) -> -0.13595639 | E113: =IF(Base!U113="","",Base!U113) -> 102.25 | F113: =IF(E113="","",LN(E113)) -> 4.6274208 | G113: =IF(OR(F113="",F112=""),"",F113-F112) -> -0.059052842 | H113: =IF(COUNT(D$75:D112)<36,"",SLOPE(D$75:D112,G$75:G112)) -> 0.1566434 | I113: =IF(OR(D113="",H113="",G113=""),"",D113-H113*G113) -> -0.12670615 | J113: =IF(COUNT(Senal!V101:V112)=0,"",AVERAGE(Senal!V101:V112)) -> 0 | K113: =IF(J113="","",ABS(J113)) -> 0 | L113: =IF(OR(J113="",J112=""),"",ABS(J113-J112)) -> 0 | M113: =IF(OR(J113="",I113=""),"",J113*I113-IF(L113="",0,L113)*Resumen!$B$8/10000) -> 0 | N113: =IF(OR(J113="",D113=""),"",J113*D113-IF(L113="",0,L113)*Resumen!$B$8/10000) -> 0 | O113: =IF(M113="","",IF(COUNT(O$2:O112)=0,M113,SUM(M$2:M113))) -> 0 | P113: =IF(O113="","",MAX(O$2:O113)) -> 0 | Q113: =IF(O113="","",O113-P113) -> 0 | R113: =IF(COUNT(I114:I114)<1,"",SUM(I114:I114)) -> 0.09309537 | S113: =IF(COUNT(I114:I116)<3,"",SUM(I114:I116)) -> 0.18657929 | T113: =IF(COUNT(I114:I119)<6,"",SUM(I114:I119)) -> 0.14628003 | U113: =IF(COUNT(I114:I125)<12,"",SUM(I114:I125)) -> 0.26868062 | V113: =IF(N113="","",SUM(N$2:N113)) -> 0 | W113: =IF(V113="","",MAX(V$2:V113)) -> 0 | X113: =IF(V113="","",V113-W113) -> 0 | Y113: =IF(COUNT(D114:D114)<1,"",SUM(D114:D114)) -> 0.093741708 | Z113: =IF(COUNT(D114:D116)<3,"",SUM(D114:D116)) -> 0.19778681 | AA113: =IF(COUNT(D114:D119)<6,"",SUM(D114:D119)) -> 0.15981593 | AB113: =IF(COUNT(D114:D125)<12,"",SUM(D114:D125)) -> 0.27877041
A114: =Base!A114 -> 41425 | B114: =IF(Base!T114="","",Base!T114) -> 0.5180519 | C114: =IF(B114="","",LN(B114)) -> -0.65767985 | D114: =IF(OR(C114="",C113=""),"",C114-C113) -> 0.093741708 | E114: =IF(Base!U114="","",Base!U114) -> 102.56 | F114: =IF(E114="","",LN(E114)) -> 4.630448 | G114: =IF(OR(F114="",F113=""),"",F114-F113) -> 0.0030271982 | H114: =IF(COUNT(D$75:D113)<36,"",SLOPE(D$75:D113,G$75:G113)) -> 0.2135103 | I114: =IF(OR(D114="",H114="",G114=""),"",D114-H114*G114) -> 0.09309537 | J114: =IF(COUNT(Senal!V102:V113)=0,"",AVERAGE(Senal!V102:V113)) -> 0 | K114: =IF(J114="","",ABS(J114)) -> 0 | L114: =IF(OR(J114="",J113=""),"",ABS(J114-J113)) -> 0 | M114: =IF(OR(J114="",I114=""),"",J114*I114-IF(L114="",0,L114)*Resumen!$B$8/10000) -> 0 | N114: =IF(OR(J114="",D114=""),"",J114*D114-IF(L114="",0,L114)*Resumen!$B$8/10000) -> 0 | O114: =IF(M114="","",IF(COUNT(O$2:O113)=0,M114,SUM(M$2:M114))) -> 0 | P114: =IF(O114="","",MAX(O$2:O114)) -> 0 | Q114: =IF(O114="","",O114-P114) -> 0 | R114: =IF(COUNT(I115:I115)<1,"",SUM(I115:I115)) -> 0.09044057 | S114: =IF(COUNT(I115:I117)<3,"",SUM(I115:I117)) -> 0.063417517 | T114: =IF(COUNT(I115:I120)<6,"",SUM(I115:I120)) -> 0.20441875 | U114: =IF(COUNT(I115:I126)<12,"",SUM(I115:I126)) -> 0.17766361 | V114: =IF(N114="","",SUM(N$2:N114)) -> 0 | W114: =IF(V114="","",MAX(V$2:V114)) -> 0 | X114: =IF(V114="","",V114-W114) -> 0 | Y114: =IF(COUNT(D115:D115)<1,"",SUM(D115:D115)) -> 0.091175706 | Z114: =IF(COUNT(D115:D117)<3,"",SUM(D115:D117)) -> 0.080435618 | AA114: =IF(COUNT(D115:D120)<6,"",SUM(D115:D120)) -> 0.21479962 | AB114: =IF(COUNT(D115:D126)<12,"",SUM(D115:D126)) -> 0.19119112
A115: =Base!A115 -> 41455 | B115: =IF(Base!T115="","",Base!T115) -> 0.56750589 | C115: =IF(B115="","",LN(B115)) -> -0.56650415 | D115: =IF(OR(C115="",C114=""),"",C115-C114) -> 0.091175706 | E115: =IF(Base!U115="","",Base!U115) -> 102.92 | F115: =IF(E115="","",LN(E115)) -> 4.633952 | G115: =IF(OR(F115="",F114=""),"",F115-F114) -> 0.0035039942 | H115: =IF(COUNT(D$75:D114)<36,"",SLOPE(D$75:D114,G$75:G114)) -> 0.20979941 | I115: =IF(OR(D115="",H115="",G115=""),"",D115-H115*G115) -> 0.09044057 | J115: =IF(COUNT(Senal!V103:V114)=0,"",AVERAGE(Senal!V103:V114)) -> 0 | K115: =IF(J115="","",ABS(J115)) -> 0 | L115: =IF(OR(J115="",J114=""),"",ABS(J115-J114)) -> 0 | M115: =IF(OR(J115="",I115=""),"",J115*I115-IF(L115="",0,L115)*Resumen!$B$8/10000) -> 0 | N115: =IF(OR(J115="",D115=""),"",J115*D115-IF(L115="",0,L115)*Resumen!$B$8/10000) -> 0 | O115: =IF(M115="","",IF(COUNT(O$2:O114)=0,M115,SUM(M$2:M115))) -> 0 | P115: =IF(O115="","",MAX(O$2:O115)) -> 0 | Q115: =IF(O115="","",O115-P115) -> 0 | R115: =IF(COUNT(I116:I116)<1,"",SUM(I116:I116)) -> 0.003043353 | S115: =IF(COUNT(I116:I118)<3,"",SUM(I116:I118)) -> -0.0084862491 | T115: =IF(COUNT(I116:I121)<6,"",SUM(I116:I121)) -> 0.29834831 | U115: =IF(COUNT(I116:I127)<12,"",SUM(I116:I127)) -> 0.093350141 | V115: =IF(N115="","",SUM(N$2:N115)) -> 0 | W115: =IF(V115="","",MAX(V$2:V115)) -> 0 | X115: =IF(V115="","",V115-W115) -> 0 | Y115: =IF(COUNT(D116:D116)<1,"",SUM(D116:D116)) -> 0.0128694 | Z115: =IF(COUNT(D116:D118)<3,"",SUM(D116:D118)) -> 0.0083948268 | AA115: =IF(COUNT(D116:D121)<6,"",SUM(D116:D121)) -> 0.31308693 | AB115: =IF(COUNT(D116:D127)<12,"",SUM(D116:D127)) -> 0.11124814
A116: =Base!A116 -> 41486 | B116: =IF(Base!T116="","",Base!T116) -> 0.57485655 | C116: =IF(B116="","",LN(B116)) -> -0.55363475 | D116: =IF(OR(C116="",C115=""),"",C116-C115) -> 0.0128694 | E116: =IF(Base!U116="","",Base!U116) -> 107.93 | F116: =IF(E116="","",LN(E116)) -> 4.6814829 | G116: =IF(OR(F116="",F115=""),"",F116-F115) -> 0.047530881 | H116: =IF(COUNT(D$75:D115)<36,"",SLOPE(D$75:D115,G$75:G115)) -> 0.20672974 | I116: =IF(OR(D116="",H116="",G116=""),"",D116-H116*G116) -> 0.003043353 | J116: =IF(COUNT(Senal!V104:V115)=0,"",AVERAGE(Senal!V104:V115)) -> 0 | K116: =IF(J116="","",ABS(J116)) -> 0 | L116: =IF(OR(J116="",J115=""),"",ABS(J116-J115)) -> 0 | M116: =IF(OR(J116="",I116=""),"",J116*I116-IF(L116="",0,L116)*Resumen!$B$8/10000) -> 0 | N116: =IF(OR(J116="",D116=""),"",J116*D116-IF(L116="",0,L116)*Resumen!$B$8/10000) -> 0 | O116: =IF(M116="","",IF(COUNT(O$2:O115)=0,M116,SUM(M$2:M116))) -> 0 | P116: =IF(O116="","",MAX(O$2:O116)) -> 0 | Q116: =IF(O116="","",O116-P116) -> 0 | R116: =IF(COUNT(I117:I117)<1,"",SUM(I117:I117)) -> -0.030066406 | S116: =IF(COUNT(I117:I119)<3,"",SUM(I117:I119)) -> -0.040299263 | T116: =IF(COUNT(I117:I122)<6,"",SUM(I117:I122)) -> 0.13346445 | U116: =IF(COUNT(I117:I128)<12,"",SUM(I117:I128)) -> 0.12858248 | V116: =IF(N116="","",SUM(N$2:N116)) -> 0 | W116: =IF(V116="","",MAX(V$2:V116)) -> 0 | X116: =IF(V116="","",V116-W116) -> 0 | Y116: =IF(COUNT(D117:D117)<1,"",SUM(D117:D117)) -> -0.023609488 | Z116: =IF(COUNT(D117:D119)<3,"",SUM(D117:D119)) -> -0.037970883 | AA116: =IF(COUNT(D117:D122)<6,"",SUM(D117:D122)) -> 0.13319755 | AB116: =IF(COUNT(D117:D128)<12,"",SUM(D117:D128)) -> 0.12508157
A117: =Base!A117 -> 41517 | B117: =IF(Base!T117="","",Base!T117) -> 0.56144344 | C117: =IF(B117="","",LN(B117)) -> -0.57724424 | D117: =IF(OR(C117="",C116=""),"",C117-C116) -> -0.023609488 | E117: =IF(Base!U117="","",Base!U117) -> 111.28 | F117: =IF(E117="","",LN(E117)) -> 4.7120495 | G117: =IF(OR(F117="",F116=""),"",F117-F116) -> 0.030566679 | H117: =IF(COUNT(D$75:D116)<36,"",SLOPE(D$75:D116,G$75:G116)) -> 0.21124042 | I117: =IF(OR(D117="",H117="",G117=""),"",D117-H117*G117) -> -0.030066406 | J117: =IF(COUNT(Senal!V105:V116)=0,"",AVERAGE(Senal!V105:V116)) -> 0 | K117: =IF(J117="","",ABS(J117)) -> 0 | L117: =IF(OR(J117="",J116=""),"",ABS(J117-J116)) -> 0 | M117: =IF(OR(J117="",I117=""),"",J117*I117-IF(L117="",0,L117)*Resumen!$B$8/10000) -> 0 | N117: =IF(OR(J117="",D117=""),"",J117*D117-IF(L117="",0,L117)*Resumen!$B$8/10000) -> 0 | O117: =IF(M117="","",IF(COUNT(O$2:O116)=0,M117,SUM(M$2:M117))) -> 0 | P117: =IF(O117="","",MAX(O$2:O117)) -> 0 | Q117: =IF(O117="","",O117-P117) -> 0 | R117: =IF(COUNT(I118:I118)<1,"",SUM(I118:I118)) -> 0.018536804 | S117: =IF(COUNT(I118:I120)<3,"",SUM(I118:I120)) -> 0.14100123 | T117: =IF(COUNT(I118:I123)<6,"",SUM(I118:I123)) -> 0.21434186 | U117: =IF(COUNT(I118:I129)<12,"",SUM(I118:I129)) -> 0.14677778 | V117: =IF(N117="","",SUM(N$2:N117)) -> 0 | W117: =IF(V117="","",MAX(V$2:V117)) -> 0 | X117: =IF(V117="","",V117-W117) -> 0 | Y117: =IF(COUNT(D118:D118)<1,"",SUM(D118:D118)) -> 0.019134915 | Z117: =IF(COUNT(D118:D120)<3,"",SUM(D118:D120)) -> 0.134364 | AA117: =IF(COUNT(D118:D123)<6,"",SUM(D118:D123)) -> 0.20942192 | AB117: =IF(COUNT(D118:D129)<12,"",SUM(D118:D129)) -> 0.12522429
A118: =Base!A118 -> 41547 | B118: =IF(Base!T118="","",Base!T118) -> 0.57229006 | C118: =IF(B118="","",LN(B118)) -> -0.55810932 | D118: =IF(OR(C118="",C117=""),"",C118-C117) -> 0.019134915 | E118: =IF(Base!U118="","",Base!U118) -> 111.6 | F118: =IF(E118="","",LN(E118)) -> 4.714921 | G118: =IF(OR(F118="",F117=""),"",F118-F117) -> 0.0028715023 | H118: =IF(COUNT(D$75:D117)<36,"",SLOPE(D$75:D117,G$75:G117)) -> 0.20829203 | I118: =IF(OR(D118="",H118="",G118=""),"",D118-H118*G118) -> 0.018536804 | J118: =IF(COUNT(Senal!V106:V117)=0,"",AVERAGE(Senal!V106:V117)) -> 0 | K118: =IF(J118="","",ABS(J118)) -> 0 | L118: =IF(OR(J118="",J117=""),"",ABS(J118-J117)) -> 0 | M118: =IF(OR(J118="",I118=""),"",J118*I118-IF(L118="",0,L118)*Resumen!$B$8/10000) -> 0 | N118: =IF(OR(J118="",D118=""),"",J118*D118-IF(L118="",0,L118)*Resumen!$B$8/10000) -> 0 | O118: =IF(M118="","",IF(COUNT(O$2:O117)=0,M118,SUM(M$2:M118))) -> 0 | P118: =IF(O118="","",MAX(O$2:O118)) -> 0 | Q118: =IF(O118="","",O118-P118) -> 0 | R118: =IF(COUNT(I119:I119)<1,"",SUM(I119:I119)) -> -0.028769661 | S118: =IF(COUNT(I119:I121)<3,"",SUM(I119:I121)) -> 0.30683456 | T118: =IF(COUNT(I119:I124)<6,"",SUM(I119:I124)) -> 0.22678236 | U118: =IF(COUNT(I119:I130)<12,"",SUM(I119:I130)) -> 0.15744293 | V118: =IF(N118="","",SUM(N$2:N118)) -> 0 | W118: =IF(V118="","",MAX(V$2:V118)) -> 0 | X118: =IF(V118="","",V118-W118) -> 0 | Y118: =IF(COUNT(D119:D119)<1,"",SUM(D119:D119)) -> -0.03349631 | Z118: =IF(COUNT(D119:D121)<3,"",SUM(D119:D121)) -> 0.3046921 | AA118: =IF(COUNT(D119:D124)<6,"",SUM(D119:D124)) -> 0.21797118 | AB118: =IF(COUNT(D119:D130)<12,"",SUM(D119:D130)) -> 0.12455579
A119: =Base!A119 -> 41578 | B119: =IF(Base!T119="","",Base!T119) -> 0.55343795 | C119: =IF(B119="","",LN(B119)) -> -0.59160563 | D119: =IF(OR(C119="",C118=""),"",C119-C118) -> -0.03349631 | E119: =IF(Base!U119="","",Base!U119) -> 109.08 | F119: =IF(E119="","",LN(E119)) -> 4.6920816 | G119: =IF(OR(F119="",F118=""),"",F119-F118) -> -0.022839492 | H119: =IF(COUNT(D$75:D118)<36,"",SLOPE(D$75:D118,G$75:G118)) -> 0.2069507 | I119: =IF(OR(D119="",H119="",G119=""),"",D119-H119*G119) -> -0.028769661 | J119: =IF(COUNT(Senal!V107:V118)=0,"",AVERAGE(Senal!V107:V118)) -> 0 | K119: =IF(J119="","",ABS(J119)) -> 0 | L119: =IF(OR(J119="",J118=""),"",ABS(J119-J118)) -> 0 | M119: =IF(OR(J119="",I119=""),"",J119*I119-IF(L119="",0,L119)*Resumen!$B$8/10000) -> 0 | N119: =IF(OR(J119="",D119=""),"",J119*D119-IF(L119="",0,L119)*Resumen!$B$8/10000) -> 0 | O119: =IF(M119="","",IF(COUNT(O$2:O118)=0,M119,SUM(M$2:M119))) -> 0 | P119: =IF(O119="","",MAX(O$2:O119)) -> 0 | Q119: =IF(O119="","",O119-P119) -> 0 | R119: =IF(COUNT(I120:I120)<1,"",SUM(I120:I120)) -> 0.15123409 | S119: =IF(COUNT(I120:I122)<3,"",SUM(I120:I122)) -> 0.17376371 | T119: =IF(COUNT(I120:I125)<6,"",SUM(I120:I125)) -> 0.12240059 | U119: =IF(COUNT(I120:I131)<12,"",SUM(I120:I131)) -> 0.17206268 | V119: =IF(N119="","",SUM(N$2:N119)) -> 0 | W119: =IF(V119="","",MAX(V$2:V119)) -> 0 | X119: =IF(V119="","",V119-W119) -> 0 | Y119: =IF(COUNT(D120:D120)<1,"",SUM(D120:D120)) -> 0.1487254 | Z119: =IF(COUNT(D120:D122)<3,"",SUM(D120:D122)) -> 0.17116843 | AA119: =IF(COUNT(D120:D125)<6,"",SUM(D120:D125)) -> 0.11895448 | AB119: =IF(COUNT(D120:D131)<12,"",SUM(D120:D131)) -> 0.12048239
A120: =Base!A120 -> 41608 | B120: =IF(Base!T120="","",Base!T120) -> 0.64218411 | C120: =IF(B120="","",LN(B120)) -> -0.44288023 | D120: =IF(OR(C120="",C119=""),"",C120-C119) -> 0.1487254 | E120: =IF(Base!U120="","",Base!U120) -> 107.79 | F120: =IF(E120="","",LN(E120)) -> 4.6801849 | G120: =IF(OR(F120="",F119=""),"",F120-F119) -> -0.011896668 | H120: =IF(COUNT(D$75:D119)<36,"",SLOPE(D$75:D119,G$75:G119)) -> 0.21087324 | I120: =IF(OR(D120="",H120="",G120=""),"",D120-H120*G120) -> 0.15123409 | J120: =IF(COUNT(Senal!V108:V119)=0,"",AVERAGE(Senal!V108:V119)) -> 0 | K120: =IF(J120="","",ABS(J120)) -> 0 | L120: =IF(OR(J120="",J119=""),"",ABS(J120-J119)) -> 0 | M120: =IF(OR(J120="",I120=""),"",J120*I120-IF(L120="",0,L120)*Resumen!$B$8/10000) -> 0 | N120: =IF(OR(J120="",D120=""),"",J120*D120-IF(L120="",0,L120)*Resumen!$B$8/10000) -> 0 | O120: =IF(M120="","",IF(COUNT(O$2:O119)=0,M120,SUM(M$2:M120))) -> 0 | P120: =IF(O120="","",MAX(O$2:O120)) -> 0 | Q120: =IF(O120="","",O120-P120) -> 0 | R120: =IF(COUNT(I121:I121)<1,"",SUM(I121:I121)) -> 0.18437013 | S120: =IF(COUNT(I121:I123)<3,"",SUM(I121:I123)) -> 0.073340634 | T120: =IF(COUNT(I121:I126)<6,"",SUM(I121:I126)) -> -0.026755139 | U120: =IF(COUNT(I121:I132)<12,"",SUM(I121:I132)) -> 0.020840993 | V120: =IF(N120="","",SUM(N$2:N120)) -> 0 | W120: =IF(V120="","",MAX(V$2:V120)) -> 0 | X120: =IF(V120="","",V120-W120) -> 0 | Y120: =IF(COUNT(D121:D121)<1,"",SUM(D121:D121)) -> 0.18946302 | Z120: =IF(COUNT(D121:D123)<3,"",SUM(D121:D123)) -> 0.075057916 | AA120: =IF(COUNT(D121:D126)<6,"",SUM(D121:D126)) -> -0.023608498 | AB120: =IF(COUNT(D121:D132)<12,"",SUM(D121:D132)) -> -0.050149377
A121: =Base!A121 -> 41639 | B121: =IF(Base!T121="","",Base!T121) -> 0.77614399 | C121: =IF(B121="","",LN(B121)) -> -0.25341722 | D121: =IF(OR(C121="",C120=""),"",C121-C120) -> 0.18946302 | E121: =IF(Base!U121="","",Base!U121) -> 110.76 | F121: =IF(E121="","",LN(E121)) -> 4.7073657 | G121: =IF(OR(F121="",F120=""),"",F121-F120) -> 0.027180809 | H121: =IF(COUNT(D$75:D120)<36,"",SLOPE(D$75:D120,G$75:G120)) -> 0.18737046 | I121: =IF(OR(D121="",H121="",G121=""),"",D121-H121*G121) -> 0.18437013 | J121: =IF(COUNT(Senal!V109:V120)=0,"",AVERAGE(Senal!V109:V120)) -> 0 | K121: =IF(J121="","",ABS(J121)) -> 0 | L121: =IF(OR(J121="",J120=""),"",ABS(J121-J120)) -> 0 | M121: =IF(OR(J121="",I121=""),"",J121*I121-IF(L121="",0,L121)*Resumen!$B$8/10000) -> 0 | N121: =IF(OR(J121="",D121=""),"",J121*D121-IF(L121="",0,L121)*Resumen!$B$8/10000) -> 0 | O121: =IF(M121="","",IF(COUNT(O$2:O120)=0,M121,SUM(M$2:M121))) -> 0 | P121: =IF(O121="","",MAX(O$2:O121)) -> 0 | Q121: =IF(O121="","",O121-P121) -> 0 | R121: =IF(COUNT(I122:I122)<1,"",SUM(I122:I122)) -> -0.16184051 | S121: =IF(COUNT(I122:I124)<3,"",SUM(I122:I124)) -> -0.080052204 | T121: =IF(COUNT(I122:I127)<6,"",SUM(I122:I127)) -> -0.20499817 | U121: =IF(COUNT(I122:I133)<12,"",SUM(I122:I133)) -> -0.24759251 | V121: =IF(N121="","",SUM(N$2:N121)) -> 0 | W121: =IF(V121="","",MAX(V$2:V121)) -> 0 | X121: =IF(V121="","",V121-W121) -> 0 | Y121: =IF(COUNT(D122:D122)<1,"",SUM(D122:D122)) -> -0.16701998 | Z121: =IF(COUNT(D122:D124)<3,"",SUM(D122:D124)) -> -0.08672092 | AA121: =IF(COUNT(D122:D127)<6,"",SUM(D122:D127)) -> -0.20183879 | AB121: =IF(COUNT(D122:D133)<12,"",SUM(D122:D133)) -> -0.37818435
A122: =Base!A122 -> 41670 | B122: =IF(Base!T122="","",Base!T122) -> 0.65675962 | C122: =IF(B122="","",LN(B122)) -> -0.4204372 | D122: =IF(OR(C122="",C121=""),"",C122-C121) -> -0.16701998 | E122: =IF(Base!U122="","",Base!U122) -> 108.12 | F122: =IF(E122="","",LN(E122)) -> 4.6832417 | G122: =IF(OR(F122="",F121=""),"",F122-F121) -> -0.024123977 | H122: =IF(COUNT(D$75:D121)<36,"",SLOPE(D$75:D121,G$75:G121)) -> 0.21470228 | I122: =IF(OR(D122="",H122="",G122=""),"",D122-H122*G122) -> -0.16184051 | J122: =IF(COUNT(Senal!V110:V121)=0,"",AVERAGE(Senal!V110:V121)) -> 0 | K122: =IF(J122="","",ABS(J122)) -> 0 | L122: =IF(OR(J122="",J121=""),"",ABS(J122-J121)) -> 0 | M122: =IF(OR(J122="",I122=""),"",J122*I122-IF(L122="",0,L122)*Resumen!$B$8/10000) -> 0 | N122: =IF(OR(J122="",D122=""),"",J122*D122-IF(L122="",0,L122)*Resumen!$B$8/10000) -> 0 | O122: =IF(M122="","",IF(COUNT(O$2:O121)=0,M122,SUM(M$2:M122))) -> 0 | P122: =IF(O122="","",MAX(O$2:O122)) -> 0 | Q122: =IF(O122="","",O122-P122) -> 0 | R122: =IF(COUNT(I123:I123)<1,"",SUM(I123:I123)) -> 0.050811011 | S122: =IF(COUNT(I123:I125)<3,"",SUM(I123:I125)) -> -0.05136312 | T122: =IF(COUNT(I123:I128)<6,"",SUM(I123:I128)) -> -0.0048819657 | U122: =IF(COUNT(I123:I134)<12,"",SUM(I123:I134)) -> -0.012706595 | V122: =IF(N122="","",SUM(N$2:N122)) -> 0 | W122: =IF(V122="","",MAX(V$2:V122)) -> 0 | X122: =IF(V122="","",V122-W122) -> 0 | Y122: =IF(COUNT(D123:D123)<1,"",SUM(D123:D123)) -> 0.052614885 | Z122: =IF(COUNT(D123:D125)<3,"",SUM(D123:D125)) -> -0.052213946 | AA122: =IF(COUNT(D123:D128)<6,"",SUM(D123:D128)) -> -0.00811598 | AB122: =IF(COUNT(D123:D134)<12,"",SUM(D123:D134)) -> -0.21999544
... A261: =Base!A261 -> 45900 | B261: =IF(Base!T261="","",Base!T261) -> 0.51661516 | C261: =IF(B261="","",LN(B261)) -> -0.66045705 | D261: =IF(OR(C261="",C260=""),"",C261-C260) -> 0.07308222 | E261: =IF(Base!U261="","",Base!U261) -> 67.87 | F261: =IF(E261="","",LN(E261)) -> 4.2175941 | G261: =IF(OR(F261="",F260=""),"",F261-F260) -> -0.045648988 | H261: =IF(COUNT(D$75:D260)<36,"",SLOPE(D$75:D260,G$75:G260)) -> 0.069251931 | I261: =IF(OR(D261="",H261="",G261=""),"",D261-H261*G261) -> 0.0762435 | J261: =IF(COUNT(Senal!V249:V260)=0,"",AVERAGE(Senal!V249:V260)) -> 0.13255954 | K261: =IF(J261="","",ABS(J261)) -> 0.13255954 | L261: =IF(OR(J261="",J260=""),"",ABS(J261-J260)) -> 0 | M261: =IF(OR(J261="",I261=""),"",J261*I261-IF(L261="",0,L261)*Resumen!$B$8/10000) -> 0.010106803 | N261: =IF(OR(J261="",D261=""),"",J261*D261-IF(L261="",0,L261)*Resumen!$B$8/10000) -> 0.0096877453 | O261: =IF(M261="","",IF(COUNT(O$2:O260)=0,M261,SUM(M$2:M261))) -> 0.5865905 | P261: =IF(O261="","",MAX(O$2:O261)) -> 0.5865905 | Q261: =IF(O261="","",O261-P261) -> 0 | R261: =IF(COUNT(I262:I262)<1,"",SUM(I262:I262)) -> 0.028431822 | S261: =IF(COUNT(I262:I264)<3,"",SUM(I262:I264)) -> -0.10828966 | T261: =IF(COUNT(I262:I267)<6,"",SUM(I262:I267)) -> -0.09564945 | U261: =IF(COUNT(I262:I273)<12,"",SUM(I262:I273)) -> 0.098796036 | V261: =IF(N261="","",SUM(N$2:N261)) -> 0.56560493 | W261: =IF(V261="","",MAX(V$2:V261)) -> 0.56560493 | X261: =IF(V261="","",V261-W261) -> 0 | Y261: =IF(COUNT(D262:D262)<1,"",SUM(D262:D262)) -> 0.028551096 | Z261: =IF(COUNT(D262:D264)<3,"",SUM(D262:D264)) -> -0.11251056 | AA261: =IF(COUNT(D262:D267)<6,"",SUM(D262:D267)) -> -0.092285428 | AB261: =IF(COUNT(D262:D273)<12,"",SUM(D262:D273)) -> 0.11917646
A262: =Base!A262 -> 45930 | B262: =IF(Base!T262="","",Base!T262) -> 0.53157767 | C262: =IF(B262="","",LN(B262)) -> -0.63190595 | D262: =IF(OR(C262="",C261=""),"",C262-C261) -> 0.028551096 | E262: =IF(Base!U262="","",Base!U262) -> 67.99 | F262: =IF(E262="","",LN(E262)) -> 4.2193606 | G262: =IF(OR(F262="",F261=""),"",F262-F261) -> 0.0017665248 | H262: =IF(COUNT(D$75:D261)<36,"",SLOPE(D$75:D261,G$75:G261)) -> 0.067519098 | I262: =IF(OR(D262="",H262="",G262=""),"",D262-H262*G262) -> 0.028431822 | J262: =IF(COUNT(Senal!V250:V261)=0,"",AVERAGE(Senal!V250:V261)) -> 0.13255954 | K262: =IF(J262="","",ABS(J262)) -> 0.13255954 | L262: =IF(OR(J262="",J261=""),"",ABS(J262-J261)) -> 0 | M262: =IF(OR(J262="",I262=""),"",J262*I262-IF(L262="",0,L262)*Resumen!$B$8/10000) -> 0.0037689092 | N262: =IF(OR(J262="",D262=""),"",J262*D262-IF(L262="",0,L262)*Resumen!$B$8/10000) -> 0.0037847201 | O262: =IF(M262="","",IF(COUNT(O$2:O261)=0,M262,SUM(M$2:M262))) -> 0.59035941 | P262: =IF(O262="","",MAX(O$2:O262)) -> 0.59035941 | Q262: =IF(O262="","",O262-P262) -> 0 | R262: =IF(COUNT(I263:I263)<1,"",SUM(I263:I263)) -> -0.15390051 | S262: =IF(COUNT(I263:I265)<3,"",SUM(I263:I265)) -> -0.17597305 | T262: =IF(COUNT(I263:I268)<6,"",SUM(I263:I268)) -> 0.01089813 | V262: =IF(N262="","",SUM(N$2:N262)) -> 0.56938965 | W262: =IF(V262="","",MAX(V$2:V262)) -> 0.56938965 | X262: =IF(V262="","",V262-W262) -> 0 | Y262: =IF(COUNT(D263:D263)<1,"",SUM(D263:D263)) -> -0.15741846 | Z262: =IF(COUNT(D263:D265)<3,"",SUM(D263:D265)) -> -0.18173331 | AA262: =IF(COUNT(D263:D268)<6,"",SUM(D263:D268)) -> 0.041624051
A263: =Base!A263 -> 45961 | B263: =IF(Base!T263="","",Base!T263) -> 0.45415151 | C263: =IF(B263="","",LN(B263)) -> -0.78932442 | D263: =IF(OR(C263="",C262=""),"",C263-C262) -> -0.15741846 | E263: =IF(Base!U263="","",Base!U263) -> 64.54 | F263: =IF(E263="","",LN(E263)) -> 4.1672852 | G263: =IF(OR(F263="",F262=""),"",F263-F262) -> -0.052075449 | H263: =IF(COUNT(D$75:D262)<36,"",SLOPE(D$75:D262,G$75:G262)) -> 0.067554965 | I263: =IF(OR(D263="",H263="",G263=""),"",D263-H263*G263) -> -0.15390051 | J263: =IF(COUNT(Senal!V251:V262)=0,"",AVERAGE(Senal!V251:V262)) -> 0.13255954 | K263: =IF(J263="","",ABS(J263)) -> 0.13255954 | L263: =IF(OR(J263="",J262=""),"",ABS(J263-J262)) -> 0 | M263: =IF(OR(J263="",I263=""),"",J263*I263-IF(L263="",0,L263)*Resumen!$B$8/10000) -> -0.02040098 | N263: =IF(OR(J263="",D263=""),"",J263*D263-IF(L263="",0,L263)*Resumen!$B$8/10000) -> -0.020867319 | O263: =IF(M263="","",IF(COUNT(O$2:O262)=0,M263,SUM(M$2:M263))) -> 0.56995843 | P263: =IF(O263="","",MAX(O$2:O263)) -> 0.59035941 | Q263: =IF(O263="","",O263-P263) -> -0.02040098 | R263: =IF(COUNT(I264:I264)<1,"",SUM(I264:I264)) -> 0.017179024 | S263: =IF(COUNT(I264:I266)<3,"",SUM(I264:I266)) -> -0.003830148 | T263: =IF(COUNT(I264:I269)<6,"",SUM(I264:I269)) -> 0.088703682 | V263: =IF(N263="","",SUM(N$2:N263)) -> 0.54852233 | W263: =IF(V263="","",MAX(V$2:V263)) -> 0.56938965 | X263: =IF(V263="","",V263-W263) -> -0.020867319 | Y263: =IF(COUNT(D264:D264)<1,"",SUM(D264:D264)) -> 0.016356804 | Z263: =IF(COUNT(D264:D266)<3,"",SUM(D264:D266)) -> -0.0015738658 | AA263: =IF(COUNT(D264:D269)<6,"",SUM(D264:D269)) -> 0.13537374
A264: =Base!A264 -> 45991 | B264: =IF(Base!T264="","",Base!T264) -> 0.46164106 | C264: =IF(B264="","",LN(B264)) -> -0.77296761 | D264: =IF(OR(C264="",C263=""),"",C264-C263) -> 0.016356804 | E264: =IF(Base!U264="","",Base!U264) -> 63.8 | F264: =IF(E264="","",LN(E264)) -> 4.1557532 | G264: =IF(OR(F264="",F263=""),"",F264-F263) -> -0.011531996 | H264: =IF(COUNT(D$75:D263)<36,"",SLOPE(D$75:D263,G$75:G263)) -> 0.071298998 | I264: =IF(OR(D264="",H264="",G264=""),"",D264-H264*G264) -> 0.017179024 | J264: =IF(COUNT(Senal!V252:V263)=0,"",AVERAGE(Senal!V252:V263)) -> 0.16298502 | K264: =IF(J264="","",ABS(J264)) -> 0.16298502 | L264: =IF(OR(J264="",J263=""),"",ABS(J264-J263)) -> 0.030425486 | M264: =IF(OR(J264="",I264=""),"",J264*I264-IF(L264="",0,L264)*Resumen!$B$8/10000) -> 0.0027086472 | N264: =IF(OR(J264="",D264=""),"",J264*D264-IF(L264="",0,L264)*Resumen!$B$8/10000) -> 0.0025746377 | O264: =IF(M264="","",IF(COUNT(O$2:O263)=0,M264,SUM(M$2:M264))) -> 0.57266707 | P264: =IF(O264="","",MAX(O$2:O264)) -> 0.59035941 | Q264: =IF(O264="","",O264-P264) -> -0.017692333 | R264: =IF(COUNT(I265:I265)<1,"",SUM(I265:I265)) -> -0.039251564 | S264: =IF(COUNT(I265:I267)<3,"",SUM(I265:I267)) -> 0.012640213 | T264: =IF(COUNT(I265:I270)<6,"",SUM(I265:I270)) -> 0.1121483 | V264: =IF(N264="","",SUM(N$2:N264)) -> 0.55109697 | W264: =IF(V264="","",MAX(V$2:V264)) -> 0.56938965 | X264: =IF(V264="","",V264-W264) -> -0.018292681 | Y264: =IF(COUNT(D265:D265)<1,"",SUM(D265:D265)) -> -0.040671646 | Z264: =IF(COUNT(D265:D267)<3,"",SUM(D265:D267)) -> 0.020225136 | AA264: =IF(COUNT(D265:D270)<6,"",SUM(D265:D270)) -> 0.1512756
A265: =Base!A265 -> 46022 | B265: =IF(Base!T265="","",Base!T265) -> 0.44324205 | C265: =IF(B265="","",LN(B265)) -> -0.81363926 | D265: =IF(OR(C265="",C264=""),"",C265-C264) -> -0.040671646 | E265: =IF(Base!U265="","",Base!U265) -> 62.54 | F265: =IF(E265="","",LN(E265)) -> 4.1358064 | G265: =IF(OR(F265="",F264=""),"",F265-F264) -> -0.019946838 | H265: =IF(COUNT(D$75:D264)<36,"",SLOPE(D$75:D264,G$75:G264)) -> 0.07119329 | I265: =IF(OR(D265="",H265="",G265=""),"",D265-H265*G265) -> -0.039251564 | J265: =IF(COUNT(Senal!V253:V264)=0,"",AVERAGE(Senal!V253:V264)) -> 0.19780804 | K265: =IF(J265="","",ABS(J265)) -> 0.19780804 | L265: =IF(OR(J265="",J264=""),"",ABS(J265-J264)) -> 0.034823019 | M265: =IF(OR(J265="",I265=""),"",J265*I265-IF(L265="",0,L265)*Resumen!$B$8/10000) -> -0.0078687442 | N265: =IF(OR(J265="",D265=""),"",J265*D265-IF(L265="",0,L265)*Resumen!$B$8/10000) -> -0.0081496477 | O265: =IF(M265="","",IF(COUNT(O$2:O264)=0,M265,SUM(M$2:M265))) -> 0.56479833 | P265: =IF(O265="","",MAX(O$2:O265)) -> 0.59035941 | Q265: =IF(O265="","",O265-P265) -> -0.025561077 | R265: =IF(COUNT(I266:I266)<1,"",SUM(I266:I266)) -> 0.018242393 | S265: =IF(COUNT(I266:I268)<3,"",SUM(I266:I268)) -> 0.18687118 | T265: =IF(COUNT(I266:I271)<6,"",SUM(I266:I271)) -> 0.10769996 | V265: =IF(N265="","",SUM(N$2:N265)) -> 0.54294732 | W265: =IF(V265="","",MAX(V$2:V265)) -> 0.56938965 | X265: =IF(V265="","",V265-W265) -> -0.026442329 | Y265: =IF(COUNT(D266:D266)<1,"",SUM(D266:D266)) -> 0.022740976 | Z265: =IF(COUNT(D266:D268)<3,"",SUM(D266:D268)) -> 0.22335736 | AA265: =IF(COUNT(D266:D271)<6,"",SUM(D266:D271)) -> 0.12769438
A266: =Base!A266 -> 46053 | B266: =IF(Base!T266="","",Base!T266) -> 0.4534373 | C266: =IF(B266="","",LN(B266)) -> -0.79089828 | D266: =IF(OR(C266="",C265=""),"",C266-C265) -> 0.022740976 | E266: =IF(Base!U266="","",Base!U266) -> 66.6 | F266: =IF(E266="","",LN(E266)) -> 4.1987046 | G266: =IF(OR(F266="",F265=""),"",F266-F265) -> 0.062898226 | H266: =IF(COUNT(D$75:D265)<36,"",SLOPE(D$75:D265,G$75:G265)) -> 0.071521621 | I266: =IF(OR(D266="",H266="",G266=""),"",D266-H266*G266) -> 0.018242393 | J266: =IF(COUNT(Senal!V254:V265)=0,"",AVERAGE(Senal!V254:V265)) -> 0.15546156 | K266: =IF(J266="","",ABS(J266)) -> 0.15546156 | L266: =IF(OR(J266="",J265=""),"",ABS(J266-J265)) -> 0.042346481 | M266: =IF(OR(J266="",I266=""),"",J266*I266-IF(L266="",0,L266)*Resumen!$B$8/10000) -> 0.0027089514 | N266: =IF(OR(J266="",D266=""),"",J266*D266-IF(L266="",0,L266)*Resumen!$B$8/10000) -> 0.0034083082 | O266: =IF(M266="","",IF(COUNT(O$2:O265)=0,M266,SUM(M$2:M266))) -> 0.56750728 | P266: =IF(O266="","",MAX(O$2:O266)) -> 0.59035941 | Q266: =IF(O266="","",O266-P266) -> -0.022852126 | R266: =IF(COUNT(I267:I267)<1,"",SUM(I267:I267)) -> 0.033649385 | S266: =IF(COUNT(I267:I269)<3,"",SUM(I267:I269)) -> 0.09253383 | T266: =IF(COUNT(I267:I272)<6,"",SUM(I267:I272)) -> 0.18353735 | V266: =IF(N266="","",SUM(N$2:N266)) -> 0.54635563 | W266: =IF(V266="","",MAX(V$2:V266)) -> 0.56938965 | X266: =IF(V266="","",V266-W266) -> -0.023034021 | Y266: =IF(COUNT(D267:D267)<1,"",SUM(D267:D267)) -> 0.038155806 | Z266: =IF(COUNT(D267:D269)<3,"",SUM(D267:D269)) -> 0.13694761 | AA266: =IF(COUNT(D267:D272)<6,"",SUM(D267:D272)) -> 0.19719708
A267: =Base!A267 -> 46081 | B267: =IF(Base!T267="","",Base!T267) -> 0.47107287 | C267: =IF(B267="","",LN(B267)) -> -0.75274248 | D267: =IF(OR(C267="",C266=""),"",C267-C266) -> 0.038155806 | E267: =IF(Base!U267="","",Base!U267) -> 70.89 | F267: =IF(E267="","",LN(E267)) -> 4.2611294 | G267: =IF(OR(F267="",F266=""),"",F267-F266) -> 0.062424802 | H267: =IF(COUNT(D$75:D266)<36,"",SLOPE(D$75:D266,G$75:G266)) -> 0.072189586 | I267: =IF(OR(D267="",H267="",G267=""),"",D267-H267*G267) -> 0.033649385 | J267: =IF(COUNT(Senal!V255:V266)=0,"",AVERAGE(Senal!V255:V266)) -> 0.099139575 | K267: =IF(J267="","",ABS(J267)) -> 0.099139575 | L267: =IF(OR(J267="",J266=""),"",ABS(J267-J266)) -> 0.056321988 | M267: =IF(OR(J267="",I267=""),"",J267*I267-IF(L267="",0,L267)*Resumen!$B$8/10000) -> 0.0031670198 | N267: =IF(OR(J267="",D267=""),"",J267*D267-IF(L267="",0,L267)*Resumen!$B$8/10000) -> 0.0036137844 | O267: =IF(M267="","",IF(COUNT(O$2:O266)=0,M267,SUM(M$2:M267))) -> 0.5706743 | P267: =IF(O267="","",MAX(O$2:O267)) -> 0.59035941 | Q267: =IF(O267="","",O267-P267) -> -0.019685106 | R267: =IF(COUNT(I268:I268)<1,"",SUM(I268:I268)) -> 0.1349794 | S267: =IF(COUNT(I268:I270)<3,"",SUM(I268:I270)) -> 0.099508084 | T267: =IF(COUNT(I268:I273)<6,"",SUM(I268:I273)) -> 0.19444549 | V267: =IF(N267="","",SUM(N$2:N267)) -> 0.54996941 | W267: =IF(V267="","",MAX(V$2:V267)) -> 0.56938965 | X267: =IF(V267="","",V267-W267) -> -0.019420236 | Y267: =IF(COUNT(D268:D268)<1,"",SUM(D268:D268)) -> 0.16246058 | Z267: =IF(COUNT(D268:D270)<3,"",SUM(D268:D270)) -> 0.13105046 | AA267: =IF(COUNT(D268:D273)<6,"",SUM(D268:D273)) -> 0.21146189
A268: =Base!A268 -> 46112 | B268: =IF(Base!T268="","",Base!T268) -> 0.55417104 | C268: =IF(B268="","",LN(B268)) -> -0.5902819 | D268: =IF(OR(C268="",C267=""),"",C268-C267) -> 0.16246058 | E268: =IF(Base!U268="","",Base!U268) -> 103.13 | F268: =IF(E268="","",LN(E268)) -> 4.6359903 | G268: =IF(OR(F268="",F267=""),"",F268-F267) -> 0.37486095 | H268: =IF(COUNT(D$75:D267)<36,"",SLOPE(D$75:D267,G$75:G267)) -> 0.073310313 | I268: =IF(OR(D268="",H268="",G268=""),"",D268-H268*G268) -> 0.1349794 | J268: =IF(COUNT(Senal!V256:V267)=0,"",AVERAGE(Senal!V256:V267)) -> 0.065248505 | K268: =IF(J268="","",ABS(J268)) -> 0.065248505 | L268: =IF(OR(J268="",J267=""),"",ABS(J268-J267)) -> 0.033891069 | M268: =IF(OR(J268="",I268=""),"",J268*I268-IF(L268="",0,L268)*Resumen!$B$8/10000) -> 0.008705531 | N268: =IF(OR(J268="",D268=""),"",J268*D268-IF(L268="",0,L268)*Resumen!$B$8/10000) -> 0.010498637 | O268: =IF(M268="","",IF(COUNT(O$2:O267)=0,M268,SUM(M$2:M268))) -> 0.57937983 | P268: =IF(O268="","",MAX(O$2:O268)) -> 0.59035941 | Q268: =IF(O268="","",O268-P268) -> -0.010979575 | R268: =IF(COUNT(I269:I269)<1,"",SUM(I269:I269)) -> -0.076094956 | S268: =IF(COUNT(I269:I271)<3,"",SUM(I269:I271)) -> -0.079171219 | V268: =IF(N268="","",SUM(N$2:N268)) -> 0.56046805 | W268: =IF(V268="","",MAX(V$2:V268)) -> 0.56938965 | X268: =IF(V268="","",V268-W268) -> -0.0089215999 | Y268: =IF(COUNT(D269:D269)<1,"",SUM(D269:D269)) -> -0.063668774 | Z268: =IF(COUNT(D269:D271)<3,"",SUM(D269:D271)) -> -0.095662972
A269: =Base!A269 -> 46142 | B269: =IF(Base!T269="","",Base!T269) -> 0.51998741 | C269: =IF(B269="","",LN(B269)) -> -0.65395068 | D269: =IF(OR(C269="",C268=""),"",C269-C268) -> -0.063668774 | E269: =IF(Base!U269="","",Base!U269) -> 117.29 | F269: =IF(E269="","",LN(E269)) -> 4.7646495 | G269: =IF(OR(F269="",F268=""),"",F269-F268) -> 0.12865917 | H269: =IF(COUNT(D$75:D268)<36,"",SLOPE(D$75:D268,G$75:G268)) -> 0.096582176 | I269: =IF(OR(D269="",H269="",G269=""),"",D269-H269*G269) -> -0.076094956 | J269: =IF(COUNT(Senal!V257:V268)=0,"",AVERAGE(Senal!V257:V268)) -> 0.065248505 | K269: =IF(J269="","",ABS(J269)) -> 0.065248505 | L269: =IF(OR(J269="",J268=""),"",ABS(J269-J268)) -> 0 | M269: =IF(OR(J269="",I269=""),"",J269*I269-IF(L269="",0,L269)*Resumen!$B$8/10000) -> -0.0049650822 | N269: =IF(OR(J269="",D269=""),"",J269*D269-IF(L269="",0,L269)*Resumen!$B$8/10000) -> -0.0041542923 | O269: =IF(M269="","",IF(COUNT(O$2:O268)=0,M269,SUM(M$2:M269))) -> 0.57441475 | P269: =IF(O269="","",MAX(O$2:O269)) -> 0.59035941 | Q269: =IF(O269="","",O269-P269) -> -0.015944657 | R269: =IF(COUNT(I270:I270)<1,"",SUM(I270:I270)) -> 0.040623639 | S269: =IF(COUNT(I270:I272)<3,"",SUM(I270:I272)) -> 0.09100352 | V269: =IF(N269="","",SUM(N$2:N269)) -> 0.55631375 | W269: =IF(V269="","",MAX(V$2:V269)) -> 0.56938965 | X269: =IF(V269="","",V269-W269) -> -0.013075892 | Y269: =IF(COUNT(D270:D270)<1,"",SUM(D270:D270)) -> 0.032258662 | Z269: =IF(COUNT(D270:D272)<3,"",SUM(D270:D272)) -> 0.060249472
A270: =Base!A270 -> 46173 | B270: =IF(Base!T270="","",Base!T270) -> 0.537035 | C270: =IF(B270="","",LN(B270)) -> -0.62169201 | D270: =IF(OR(C270="",C269=""),"",C270-C269) -> 0.032258662 | E270: =IF(Base!U270="","",Base!U270) -> 107.14 | F270: =IF(E270="","",LN(E270)) -> 4.6741364 | G270: =IF(OR(F270="",F269=""),"",F270-F269) -> -0.09051311 | H270: =IF(COUNT(D$75:D269)<36,"",SLOPE(D$75:D269,G$75:G269)) -> 0.092417292 | I270: =IF(OR(D270="",H270="",G270=""),"",D270-H270*G270) -> 0.040623639 | J270: =IF(COUNT(Senal!V258:V269)=0,"",AVERAGE(Senal!V258:V269)) -> 0.065248505 | K270: =IF(J270="","",ABS(J270)) -> 0.065248505 | L270: =IF(OR(J270="",J269=""),"",ABS(J270-J269)) -> 0 | M270: =IF(OR(J270="",I270=""),"",J270*I270-IF(L270="",0,L270)*Resumen!$B$8/10000) -> 0.0026506317 | N270: =IF(OR(J270="",D270=""),"",J270*D270-IF(L270="",0,L270)*Resumen!$B$8/10000) -> 0.0021048295 | O270: =IF(M270="","",IF(COUNT(O$2:O269)=0,M270,SUM(M$2:M270))) -> 0.57706538 | P270: =IF(O270="","",MAX(O$2:O270)) -> 0.59035941 | Q270: =IF(O270="","",O270-P270) -> -0.013294026 | R270: =IF(COUNT(I271:I271)<1,"",SUM(I271:I271)) -> -0.043699902 | S270: =IF(COUNT(I271:I273)<3,"",SUM(I271:I273)) -> 0.094937401 | V270: =IF(N270="","",SUM(N$2:N270)) -> 0.55841858 | W270: =IF(V270="","",MAX(V$2:V270)) -> 0.56938965 | X270: =IF(V270="","",V270-W270) -> -0.010971063 | Y270: =IF(COUNT(D271:D271)<1,"",SUM(D271:D271)) -> -0.064252861 | Z270: =IF(COUNT(D271:D273)<3,"",SUM(D271:D273)) -> 0.080411428
A271: =Base!A271 -> 46203 | B271: =IF(Base!T271="","",Base!T271) -> 0.50361415 | C271: =IF(B271="","",LN(B271)) -> -0.68594488 | D271: =IF(OR(C271="",C270=""),"",C271-C270) -> -0.064252861 | E271: =IF(Base!U271="","",Base!U271) -> 85.4 | F271: =IF(E271="","",LN(E271)) -> 4.4473461 | G271: =IF(OR(F271="",F270=""),"",F271-F270) -> -0.22679029 | H271: =IF(COUNT(D$75:D270)<36,"",SLOPE(D$75:D270,G$75:G270)) -> 0.090625392 | I271: =IF(OR(D271="",H271="",G271=""),"",D271-H271*G271) -> -0.043699902 | J271: =IF(COUNT(Senal!V259:V270)=0,"",AVERAGE(Senal!V259:V270)) -> 0.065248505 | K271: =IF(J271="","",ABS(J271)) -> 0.065248505 | L271: =IF(OR(J271="",J270=""),"",ABS(J271-J270)) -> 0 | M271: =IF(OR(J271="",I271=""),"",J271*I271-IF(L271="",0,L271)*Resumen!$B$8/10000) -> -0.0028513533 | N271: =IF(OR(J271="",D271=""),"",J271*D271-IF(L271="",0,L271)*Resumen!$B$8/10000) -> -0.0041924031 | O271: =IF(M271="","",IF(COUNT(O$2:O270)=0,M271,SUM(M$2:M271))) -> 0.57421403 | P271: =IF(O271="","",MAX(O$2:O271)) -> 0.59035941 | Q271: =IF(O271="","",O271-P271) -> -0.016145379 | R271: =IF(COUNT(I272:I272)<1,"",SUM(I272:I272)) -> 0.094079783 | V271: =IF(N271="","",SUM(N$2:N271)) -> 0.55422618 | W271: =IF(V271="","",MAX(V$2:V271)) -> 0.56938965 | X271: =IF(V271="","",V271-W271) -> -0.015163466 | Y271: =IF(COUNT(D272:D272)<1,"",SUM(D272:D272)) -> 0.09224367
A272: =Base!A272 -> 46234 | B272: =IF(Base!T272="","",Base!T272) -> 0.5522794 | C272: =IF(B272="","",LN(B272)) -> -0.5937012 | D272: =IF(OR(C272="",C271=""),"",C272-C271) -> 0.09224367 | E272: =IF(Base!U272="","",Base!U272) -> 83.76 | F272: =IF(E272="","",LN(E272)) -> 4.4279556 | G272: =IF(OR(F272="",F271=""),"",F272-F271) -> -0.019390534 | H272: =IF(COUNT(D$75:D271)<36,"",SLOPE(D$75:D271,G$75:G271)) -> 0.094691197 | I272: =IF(OR(D272="",H272="",G272=""),"",D272-H272*G272) -> 0.094079783 | J272: =IF(COUNT(Senal!V260:V271)=0,"",AVERAGE(Senal!V260:V271)) -> 0.065248505 | K272: =IF(J272="","",ABS(J272)) -> 0.065248505 | L272: =IF(OR(J272="",J271=""),"",ABS(J272-J271)) -> 0 | M272: =IF(OR(J272="",I272=""),"",J272*I272-IF(L272="",0,L272)*Resumen!$B$8/10000) -> 0.0061385653 | N272: =IF(OR(J272="",D272=""),"",J272*D272-IF(L272="",0,L272)*Resumen!$B$8/10000) -> 0.0060187616 | O272: =IF(M272="","",IF(COUNT(O$2:O271)=0,M272,SUM(M$2:M272))) -> 0.58035259 | P272: =IF(O272="","",MAX(O$2:O272)) -> 0.59035941 | Q272: =IF(O272="","",O272-P272) -> -0.010006814 | R272: =IF(COUNT(I273:I273)<1,"",SUM(I273:I273)) -> 0.04455752 | V272: =IF(N272="","",SUM(N$2:N272)) -> 0.56024494 | W272: =IF(V272="","",MAX(V$2:V272)) -> 0.56938965 | X272: =IF(V272="","",V272-W272) -> -0.0091447042 | Y272: =IF(COUNT(D273:D273)<1,"",SUM(D273:D273)) -> 0.052420618
A273: =Base!A273 -> 46265 | B273: =IF(Base!T273="","",Base!T273) -> 0.58200247 | C273: =IF(B273="","",LN(B273)) -> -0.54128059 | D273: =IF(OR(C273="",C272=""),"",C273-C272) -> 0.052420618 | E273: =IF(Base!U273="","",Base!U273) -> 91.08 | F273: =IF(E273="","",LN(E273)) -> 4.5117382 | G273: =IF(OR(F273="",F272=""),"",F273-F272) -> 0.083782675 | H273: =IF(COUNT(D$75:D272)<36,"",SLOPE(D$75:D272,G$75:G272)) -> 0.093851122 | I273: =IF(OR(D273="",H273="",G273=""),"",D273-H273*G273) -> 0.04455752 | J273: =IF(COUNT(Senal!V261:V272)=0,"",AVERAGE(Senal!V261:V272)) -> 0.065248505 | K273: =IF(J273="","",ABS(J273)) -> 0.065248505 | L273: =IF(OR(J273="",J272=""),"",ABS(J273-J272)) -> 0 | M273: =IF(OR(J273="",I273=""),"",J273*I273-IF(L273="",0,L273)*Resumen!$B$8/10000) -> 0.0029073116 | N273: =IF(OR(J273="",D273=""),"",J273*D273-IF(L273="",0,L273)*Resumen!$B$8/10000) -> 0.003420367 | O273: =IF(M273="","",IF(COUNT(O$2:O272)=0,M273,SUM(M$2:M273))) -> 0.5832599 | P273: =IF(O273="","",MAX(O$2:O273)) -> 0.59035941 | Q273: =IF(O273="","",O273-P273) -> -0.0070995022 | V273: =IF(N273="","",SUM(N$2:N273)) -> 0.56366531 | W273: =IF(V273="","",MAX(V$2:V273)) -> 0.56938965 | X273: =IF(V273="","",V273-W273) -> -0.0057243372
A275: Beta a Brent: pendiente de la regresion del retorno relativo contra el de Brent, ventana expansiva que TERMINA en t-1 (min 36 meses). Sin look-ahead.
A276: r relativo cubierto = r relativo - beta * r Brent. Arranca en feb-2013, cuando la beta tiene 36 observaciones.
A277: Posicion (escalera 12) = promedio de las 12 posiciones crudas de los meses t-12 a t-1. Cada mes entra 1/12 nuevo y vence el de hace 12 meses.
A278: PnL esta expresado con peso_max = 100%. Para escalarlo, multiplicalo por el peso maximo de la hoja Resumen.
A279: Rotacion = |cambio de la posicion|. El costo se descuenta de esa rotacion al valor en puntos basicos de la hoja Resumen.

Sheet Resumen
A1: Backtest del modelo de factores macro - Oil & Gas vs Merval
A2: Senal = mediana de 8 factores macro, normalizacion y winsorizacion point-in-time, banda muerta, escalera de 12 tramos.
A5: Parametros (editables)
A6: Peso activo maximo (% del fondo) | B6: 0.2
A7: Tramos de la escalera (meses) | B7: 12 | C7: fijo: para cambiarlo hay que reescribir la columna J de Backtest
A8: Costo por rebalanceo (puntos basicos) | B8: 30
A10: Resultados con peso_max = 100% (unidad de escala)
B11: Cubierto de Brent | C11: Sin cubrir
A12: Meses con P&L | B12: =COUNT(Backtest!M$2:M$273) -> 163 | C12: =COUNT(Backtest!N$2:N$273) -> 199
A13: Retorno anualizado | B13: =AVERAGE(Backtest!M$2:M$273)*12 -> 0.042939379 | C13: =AVERAGE(Backtest!N$2:N$273)*12 -> 0.033989868
A14: Volatilidad anualizada | B14: =STDEV(Backtest!M$2:M$273)*SQRT(12) -> 0.075420871 | C14: =STDEV(Backtest!N$2:N$273)*SQRT(12) -> 0.06659971
A15: Sharpe / Information Ratio | B15: =B13/B14 -> 0.5693302 | C15: =C13/C14 -> 0.5103606
A16: Maximo drawdown (log) | B16: =MIN(Backtest!Q$2:Q$273) -> -0.082799262 | C16: =MIN(Backtest!X$2:X$273) -> -0.078153881
A17: Rotacion anual (veces) | B17: =SUM(Backtest!L$2:L$273)/(COUNT(Backtest!L$2:L$273)/12) -> 0.40023819 | C17: =B17 -> 0.40023819
A18: |Posicion| media | B18: =AVERAGE(Backtest!K$2:K$273) -> 0.22571853 | C18: =B18 -> 0.22571853
A20: Escalado a tu peso activo maximo
A21: Alpha esperado | B21: =B13*$B$6 -> 0.0085878759 | C21: =C13*$B$6 -> 0.0067979736
A22: Tracking error | B22: =B14*$B$6 -> 0.015084174 | C22: =C14*$B$6 -> 0.013319942
A23: Information Ratio | B23: =B15 -> 0.5693302 | C23: =C15 -> 0.5103606
A24: Peso activo tipico | B24: =B17*$B$6 -> 0.080047638
A25: Peso activo maximo alcanzado | B25: =MAX(Backtest!K$2:K$273)*$B$6 -> 0.2
A28: Information Coefficient de la senal (correlacion con el retorno relativo futuro)
B29: Cubierto de Brent | C29: Sin cubrir
A30: IC a 1 mes(es) | B30: =CORREL(Senal!$U$74:$U$273,Backtest!$R$74:$R$273) -> 0.10170499 | C30: =CORREL(Senal!$U$74:$U$273,Backtest!$Y$74:$Y$273) -> 0.088755259
A31: IC a 3 mes(es) | B31: =CORREL(Senal!$U$74:$U$273,Backtest!$S$74:$S$273) -> 0.20527389 | C31: =CORREL(Senal!$U$74:$U$273,Backtest!$Z$74:$Z$273) -> 0.17201601
A32: IC a 6 mes(es) | B32: =CORREL(Senal!$U$74:$U$273,Backtest!$T$74:$T$273) -> 0.27665572 | C32: =CORREL(Senal!$U$74:$U$273,Backtest!$AA$74:$AA$273) -> 0.22695636
A33: IC a 12 mes(es) | B33: =CORREL(Senal!$U$74:$U$273,Backtest!$U$74:$U$273) -> 0.54637077 | C33: =CORREL(Senal!$U$74:$U$273,Backtest!$AB$74:$AB$273) -> 0.39544222
A36: Comparacion: score EW (promedio simple, sin banda muerta)
A37: IC a 12 meses, cubierto | B37: =CORREL(Senal!$W$74:$W$273,Backtest!$U$74:$U$273) -> 0.49446921 | C37: vs. la senal de arriba en B33
A40: Lectura actual
A41: Fecha del ultimo dato | B41: =Base!A273 -> 46265
A42: Score (mediana de los 8) | B42: =Senal!R273 -> 0.27720366
A43: Umbral | B43: =Senal!T273 -> 0.35180899
A44: Senal | B44: =Senal!U273 -> 0
A45: Posicion de la escalera | B45: =Backtest!J273 -> 0.065248505
A46: Peso activo a aplicar | B46: =Backtest!J273*$B$6 -> 0.013049701
A49: Advertencias
A50: 1. El IR estimado tiene un error estandar de aproximadamente 0,29 (hay ~12,7 observaciones independientes a 12 meses).
A51: El intervalo de confianza del 95% del IR va de 0,02 a 1,16. Dimensiona la posicion respetando esa incertidumbre.
A52: 2. IPC Transporte e ITCRM tienen IC cercano a cero en toda la muestra. Estan incluidos por fidelidad a tu archivo, no porque aporten.
A53: 3. La produccion de petroleo viene con el mismo valor repetido desde abr-2026 en la base. Actualizala antes de operar la senal.
A54: 4. La banda muerta (umbral) sale de que los tres quintiles centrales del score no predicen. El concepto esta validado; el nivel exacto no es un parametro ajustado porque se calcula como mediana expansiva.
A55: 5. El P&L no incluye el costo del overlay de futuros de Brent en la version cubierta.
